species_code,source,gear,year,q,lat,lon,location,ICES,depth_m,bottom,minutes,bottom_c,bottom_nr,shells,ross,remark,book,ostrea_edulis_pres,ostrea_edulis_shell_pres
B1,H,B,1903,2,53.45,5.25,,35F5,26,"br spk, s",60,s,4,0,0,,,0,0
B2,H,B,1903,2,54.65,8.18,,38F8,16,fgs,120,fs,3,0,0,,,0,0
B3,H,B,1903,2,55.4,8.17,,39F8,16,fs,60,fs,3,0,0,,,0,0
B4,H,B,1903,2,55.33,7.95,,39F7,18,fs,60,fs,3,0,0,,,0,0
B6,H,B,1903,2,55.4,7.6,,39F7,22,fds,60,fs,3,0,0,,,0,0
B7,H,B,1903,2,55.37,7.5,,39F7,24,fls,60,fs,3,0,0,,,0,0
B8,H,B,1903,2,55.5,6.28,,40F6,46,fgs,60,fs,3,0,0,,,0,0
B10,H,B,1903,2,55.43,5.9,,39F6,49,"fs, ooze",60,mfs,2,0,0,,,0,0
B12,H,B,1903,2,55.03,0.28,,39F0,75,"fg spk, s",180,fs,3,0,0,,,0,0
B13,H,B,1903,2,55.83,0.78,,39F0,70,cds,60,cs,5,0,0,,,0,0
B14,H,B,1903,2,54.97,-1.33,,3.80E+09,51,ds,60,s,4,0,0,net split,,0,0
B15,H,B,1903,2,55.03,-1.02,,3.90E+09,80,m,175,m,2,0,0,net badly split,,0,0
B16,H,B,1903,2,54.83,-0.88,,3.80E+10,68,m,150,m,2,0,0,,,0,0
B19,H,B,1903,2,54,-0.08,,3.70E+10,20,cs,60,cs,5,0,0,,,0,0
B20,H,B,1903,2,54.17,0.17,,37F0,22,cs,240,cs,5,0,0,net badly torn,,0,0
B21,H,B,1903,2,54.05,0,,37F0,15,fs,105,fs,3,0,0,,,0,0
B22,H,B,1903,2,53.3,0.58,,35F0,27,"cs, sh",60,cs,5,1,0,,,0,0
B23,H,B,1903,2,53,1.58,,35F1,27,cs,60,cs,5,0,0,,,0,0
B24,H,B,1903,2,52.73,2.33,,34F2,42,"m, s",240,ms,3,0,0,,,0,0
B26,H,B,1903,2,52.87,2.52,,34F2,37,"fbrs, sh",420,fs,3,1,0,,,0,0
B27,H,B,1903,2,53.12,2.67,,35F2,31,fds,480,fs,3,0,0,bottom fauna,,0,0
B28,H,B,1903,2,53.35,2.42,,35F2,27,cs,450,cs,5,0,0,net badly torn,,0,0
B29,H,B,1903,2,53.77,2,,36F1,27,s,75,s,4,0,0,,,0,0
B30,H,B,1903,2,53.75,1.92,,36F1,27,cs,180,cs,5,0,0,,,0,0
B31,H,B,1903,3,54.75,-0.7,,3.80E+10,57,fds,180,fs,3,0,0,,,0,0
B32,H,B,1903,3,54,-0.08,,3.70E+10,13,fgs,60,fs,3,0,0,came fast,,0,0
B33,H,B,1903,3,53.58,0.83,,36F0,22,fgs,210,fs,3,0,0,,,0,0
B34,H,B,1903,3,53.58,0.83,,36F0,22,fgs,30,fs,3,0,0,came fast,,0,0
B35,H,B,1093,3,53.67,0.78,,36F0,26,fds,330,fs,3,0,0,,,0,0
B36,H,B,1903,3,53,1.58,,35F1,29,"s, sh",390,s,4,1,0,,,0,0
B37,H,B,1903,3,53,1.58,,35F1,35,ross,300,NA,NA,0,1,,,0,0
B38,H,B,1903,3,52.33,1.78,,33F1,35,gravel,180,gr,6,0,0,,,1,0
B39,H,B,1903,3,52.33,1.78,,33F1,27,cs,150,cs,5,0,0,,,0,0
B42,H,B,1903,3,52.15,1.67,,33F1,22,"m, s ",180,ms,3,0,0,,,0,0
B43,H,B,1903,3,52.72,2.33,,34F2,40,fds,480,fs,3,0,0,,,0,0
B44,H,B,1903,3,52.95,2.67,,34F2,38,fgs,240,fs,3,0,0,,,0,0
B45,H,B,1903,3,52.98,2.45,,34F2,38,fgs,360,fs,3,0,0,,,0,0
B46,H,B,1903,3,53.02,2.5,,35F2,38,fgs,300,fs,3,0,0,,,0,0
B47,H,B,1903,3,53.15,2.27,,35F2,38,"fs, sh",480,fs,3,1,0,,,0,0
B49,H,B,1903,3,53.17,1.95,,35F1,35,fgs,540,fs,3,0,0,,,0,0
B50,H,B,1903,3,53.03,2.4,,35F2,35,fgs,540,fs,3,0,0,,,0,0
B51,H,B,1903,3,53.17,2.23,,35F2,33,fgs,240,fs,3,0,0,,,0,0
B52,H,B,1903,3,53.23,2.02,,35F2,27,cs,390,cs,5,0,0,,,0,0
B53,H,B,1903,3,53.25,1.73,,35F2,27,fs,210,fs,3,0,0,had belly torn,,0,0
B55,H,B,1903,3,53.17,1.95,,35F1,37,cs,240,cs,5,0,0,,,0,0
B56,H,B,1903,3,53.2,1.67,,35F1,37,ds,285,s,4,0,0,came fast,,0,0
B57,H,B,1903,3,53,1.58,,35F1,33,cs,210,cs,5,0,0,broke port,,0,0
B58,H,B,1903,3,53.2,1.67,,35F1,35,cs,420,cs,5,0,0,,,0,0
B60,H,B,1903,3,52.72,2.58,,34F2,33,fgs,180,fs,3,0,0,had belly split,,0,0
B61,H,B,1903,3,52.9,2.08,,34F2,33,fgs,120,fs,3,0,0,,,0,0
B62,H,B,1903,3,52.87,2.08,,34F2,38,fgs,180,fs,3,0,0,,,0,0
B63,H,B,1903,3,52.72,2.58,,34F2,38,fgs,210,fs,3,0,0,,,0,0
B65,H,B,1903,3,52.93,1.25,,34F1,18,cs,120,cs,5,0,0,,,0,0
B66,H,B,1903,3,53.4,0.28,,35F0,15,cs,120,cs,5,0,0,,,1,0
B67,H,B,1903,3,53.4,0.28,,35F0,15,gr,120,gr,6,0,0,,,1,0
B68,H,B,1903,3,53,0.33,,35F0,26,s,120,s,4,0,0,,,0,0
B69,H,B,1903,3,53,0.33,,35F0,18,"cs, sh",120,cs,5,1,0,,,0,0
B70,H,B,1903,3,53,0.33,,35F0,20,"cs, gr, sh",90,csgr,5.5,1,0,,,0,0
B71,H,B,1903,3,54.08,-0.08,,3.70E+10,15,cs,120,cs,5,0,0,,,0,0
B72,H,B,1903,3,54.17,0.5,,37F0,55,fs,90,fs,3,0,0,,,0,0
B73,H,B,1903,3,53.4,0.28,,35F0,13,gr,120,gr,6,0,0,,,1,0
B74,H,B,1903,3,53.4,0.28,,35F0,13,fs,120,fs,3,0,0,hole through cod-end,,0,0
B75,H,B,1903,3,53.3,0.58,,35F0,26,cs,90,cs,5,0,0,came fast,,0,0
B76,H,B,1903,3,53,1.08,,35F1,18,"s, sh",120,s,4,1,0,,,0,0
B77,H,B,1903,3,53,1.58,,35F1,29,"cs, ross",210,cs,5,0,1,came fast,,0,0
B78,H,B,1903,3,53,1.58,,35F1,29,"s, sh",300,s,4,1,0,had belly torn,,0,0
B79,H,B,1903,3,53,1.58,,35F1,33,"s, ross",150,s,4,0,1,came fast,,0,0
B80,H,B,1903,3,54.53,7.9,,38F7,18,fs,120,fs,3,0,0,,,0,0
B82,H,B,1903,4,55.7,7.98,,40F7,16,fs,120,fs,3,0,0,,,0,0
B83,H,B,1903,4,50.15,-4.2,,2.90E+06,64,fgs,120,fs,3,0,0,,,0,0
B84,H,B,1903,4,50.28,-3.62,,2.90E+07,22,fgs,120,fs,3,0,0,,,0,0
B85,H,B,1903,4,50.17,-3.28,,2.90E+07,64,"s, gr, sh",180,sgr,5,1,0,,,0,0
B86,H,B,1903,4,50.17,-3.17,,2.90E+07,57,fms,240,mfs,2.5,0,0,,,0,0
B87,H,B,1903,4,50.42,-3.5,,2.90E+07,11,m,60,m,2,0,0,new belly&cod-end,,0,0
B88,H,B,1903,4,50.5,-3.47,,3.00E+07,15,"m, s",65,ms,3,0,0,,,0,0
B89,H,B,1903,4,50.57,-3.45,,3.00E+07,16,"s, m",50,ms,3,0,0,,,0,0
B90,H,B,1903,4,50.55,-2.97,,3.00E+08,33,"m,s",180,ms,3,0,0,,,0,0
B91,H,B,1903,4,50.43,-3.03,,2.90E+07,46,fgs,330,fs,3,0,0,,,0,0
B92,H,B,1903,4,51.38,1.52,,31F1,18,fgs,45,fs,3,0,0,net very badly split,,0,0
B93,H,B,1903,4,52.52,4.42,,34F4,29,fbrs,180,fs,3,0,0,,,0,0
B94,H,B,1903,4,52.6,4.5,,34F4,16,fgs,240,fs,3,0,0,,,0,0
B95,H,B,1903,4,52.6,4.38,,34F4,20,fgs,180,fs,3,0,0,,,0,0
B96,H,B,1903,4,52.5,4.42,,34F4,18,fgs,180,fs,3,0,0,,,0,0
B97,H,B,1903,4,53.53,5.75,,36F5,20,fgs,120,fs,3,0,0,,,0,0
B98,H,B,1903,4,53.55,5.87,,36F6,20,fgs,120,fs,3,0,0,,,0,0
B101,H,B,1904,1,53.15,0.97,,35F0,18.29,cs,120,cs,5,0,0,,,0,0
B103,H,B,1904,1,50.5,-3.48,,2.90E+07,16.46,s,180,s,4,0,0,,,0,0
B104,H,B,1904,1,50.5,-3.3,,2.90E+07,25.6,s & sh,60,s,4,1,0,,,0,0
B107,H,B,1904,1,52.93,0.32,,34F0,25.6,m & ross,60,m,2,0,1,,,0,0
B108,H,B,1904,1,52.93,0.27,,34F0,20.12,m ,60,m,2,0,0,,,0,0
B109,H,B,1904,1,53.28,2.43,,35F2,29.26,fs,300,fs,3,0,0,,,0,0
B110,H,B,1904,1,53.47,2.67,,35F2,27.43,fds,300,fs,3,0,0,,,0,0
B111,H,B,1904,1,53.33,2.88,,35F2,29.26,fds,60,fs,3,0,0,,,0,0
B112,H,B,1904,1,53.23,3.17,,35F3,29.26,fds,165,fs,3,0,0,,,0,0
B113,H,B,1904,1,52.6,4.13,,34F4,25.6,fgs,360,fs,3,0,0,,,0,0
B114,H,B,1904,1,52.48,4.33,,33F4,20.12,fgs,420,fs,3,0,0,,,0,0
B115,H,B,1904,1,52.48,4.37,,33F4,18.29,fs,345,fs,3,0,0,,,0,0
B116,H,B,1904,1,52.58,4.47,,34F4,16.46,fs,180,fs,3,0,0,,,0,0
B117,H,B,1904,1,52.68,4.02,,34F4,25.6,fs,135,fs,3,0,0,,,0,0
B118,H,B,1904,2,53.37,0.38,,35F0,14.63,cs,60,cs,5,0,0,,,0,0
B119,H,B,1904,2,53.33,0.4,,35F0,14.63,cs,120,cs,5,0,0,,,0,0
B120,H,B,1904,2,53.37,0.35,,35F0,14.63,ds,60,s,4,0,0,,,0,0
B121,H,B,1904,2,53.37,0.38,,35F0,14.63,ds & sh,240,s,4,1,0,,,0,0
B122,H,B,1904,2,53.95,-0.13,,3.60E+10,12.8,grv,75,gr,6,0,0,,,0,0
B123,H,B,1904,2,53.97,-0.15,,3.60E+10,12.8,ds & grv,75,s,5,0,0,,,0,0
B124,H,B,1904,2,54.02,-0.17,,3.70E+10,9.14,fgs,60,fs,3,0,0,,,0,0
B125,H,B,1904,2,52.92,4.12,,34F4,27.43,fs,180,fs,3,0,0,,,0,0
B126,H,B,1904,2,52.98,3.77,,34F3,27.43,fs,180,fs,3,0,0,,,0,0
B128,H,B,1904,2,54.02,7.4,,37F7,29.26,fds,180,fs,3,0,0,,,0,0
B129,H,B,1904,2,53.97,7.77,,36F7,34.75,s & ooze,180,ms,2.5,0,0,,,1,0
B130,H,B,1904,2,53.9,7.77,,36F7,27.43,fds,180,fs,3,0,0,,,0,0
B131,H,B,1904,2,54.52,7.88,,38F7,20.12,fs,120,fs,3,0,0,,,0,0
B132,H,B,1904,2,55.33,8.25,,39F8,14.63,fs & ooze,120,mfs,2,0,0,,,0,0
B133,H,B,1904,2,55.37,7.82,,39F7,20.12,fs,120,fs,3,0,0,,,0,0
B134,H,B,1904,2,55.6,7.7,,40F7,16.46,fls,120,fs,3,0,0,,,0,0
B135,H,B,1904,2,55.58,6.62,,40F6,36.58,fls,120,fs,3,0,0,,,0,0
B136,H,B,1904,2,55.55,6.07,,40F6,49.38,fs & m,120,mfs,2.5,0,0,,,0,0
B137,H,B,1904,2,55.55,6.23,,40F6,49.38,fs & m,120,mfs,2.5,0,0,,,0,0
B140,H,B,1904,2,55.57,7.8,,40F7,23.77,fs & m,60,mfs,2.5,0,0,,,0,0
B141,H,B,1904,2,55.63,7.72,,40F7,14.63,fds,60,fs,3,0,0,,,0,0
B142,H,B,1904,2,55.38,4.08,,39F4,32.92,fgs,360,fs,3,0,0,,,0,0
B143,H,B,1904,2,54.43,2.68,,37F2,21.95,fds,360,fs,3,0,0,,,0,0
B144,H,B,1904,2,54.18,2.27,,37F2,38.4,fs,180,fs,3,0,0,,,0,0
B145,H,B,1904,2,54.02,0.93,,37F0,53.04,fds,180,fs,3,0,0,,,0,0
B146,H,B,1904,2,54.02,-0.15,,3.70E+10,9.14,fs,60,fs,3,0,0,,,0,0
B147,H,B,1904,2,54.02,-0.15,,3.70E+10,12.8,fs,60,fs,3,0,0,,,0,0
B149,H,B,1904,2,51.8,1.53,,32F1,18.29,cs,75,cs,5,0,0,,,0,0
B150,H,B,1904,2,52.32,1.9,,33F1,23.77,gvl,120,gr,6,0,0,,,0,0
B151,H,B,1904,2,52.97,0.3,,34F0,27.43,cs & m,75,mcs,3.5,0,0,,,0,0
B152,H,B,1904,2,53.32,0.43,,35F0,16.46,cs,180,cs,5,0,0,,,0,0
B154,H,B,1904,2,53.07,0.98,,35F0,18.29,cs & sh,120,cs,5,1,0,,,0,0
B162,H,B,1904,3,52.5,4.45,,33F4,16.46,fgs,60,fs,3,0,0,,,0,0
B163,H,B,1904,3,53.05,3.82,,35F3,27.43,fdgs,60,fs,3,0,0,,,0,0
B166,H,B,1904,3,52.82,2.47,,34F2,42.06,ds,230,s,4,0,0,,,0,0
B167,H,B,1904,3,52.85,2.4,,34F2,40.23,m & s,330,ms,3,0,0,,,0,0
B168,H,B,1904,3,52.32,2.2,,33F2,36.58,cs & sh,45,cs,5,1,0,,,0,0
B169,H,B,1904,3,52.45,2.32,,33F2,43.89,cs & sh,180,fs,5,1,0,,,0,0
B170,H,B,1904,3,52.48,2.45,,33F2,47.55,cs & sh,240,fs,5,1,0,,,0,0
B171,H,B,1904,3,52.97,2.4,,34F2,40.23,gs,180,s,4,0,0,,,0,0
B172,H,B,1904,3,53.02,2.5,,35F2,36.58,gs,120,s,4,0,0,,,0,0
B174,H,B,1904,3,52.35,3.17,,33F3,31.09,dgs,120,s,4,0,0,,,0,0
B175,H,B,1904,3,52.63,2.98,,34F2,36.58,g.br.s,240,s,4,0,0,,,0,0
B176,H,B,1904,3,53.02,3.07,,35F3,27.43,g.br.s,180,s,4,0,0,,,0,0
B183,H,B,1904,3,54.35,2.48,,37F2,32.92,fdgs,120,fs,3,0,0,,,0,0
B184,H,B,1904,3,54.57,2.9,,38F2,23.77,fdgs & sh,240,fs,3,1,0,,,0,0
B185,H,B,1904,3,54.9,3.3,,38F3,27.43,fgs & sh,300,fs,3,1,0,,,0,0
B186,H,B,1904,3,55.03,3.47,,39F3,32.92,fgs,300,fs,3,0,0,,,0,0
B187,H,B,1904,3,55.15,3.67,,39F3,36.58,fgs,300,fs,3,0,0,,,0,0
B188,H,B,1904,3,55.4,4.2,,39F4,36.58,fgs,120,fs,3,0,0,,,0,0
B189,H,B,1904,3,55.52,4.42,,40F4,32.92,fgs & sh,300,fs,3,1,0,,,0,0
B190,H,B,1904,3,55.67,4.35,,40F4,31.09,fgs,300,fs,3,0,0,,,0,0
B191,H,B,1904,3,55.4,3.73,,39F3,29.26,fgs & sh,180,fs,3,1,0,,,0,0
B192,H,B,1904,3,55.58,3.68,,40F3,31.09,fgs & sh,240,fs,3,1,0,,,0,0
B193,H,B,1904,3,55.38,3.4,,39F3,31.09,fgs & sh,120,fs,3,1,0,,,0,0
B194,H,B,1904,3,55.5,2.77,,39F2,43.89,fgs & sh,300,fs,3,1,0,,,0,0
B195,H,B,1904,3,54.97,2.6,,38F2,25.6,fgs & sh,120,fs,3,1,0,,,0,0
B196,H,B,1904,3,55.05,2.18,,39F2,27.43,fgs & sh,240,fs,3,1,0,,,0,0
B197,H,B,1904,3,54.78,2.1,,38F2,23.77,fgs & sh,180,fs,3,1,0,,,0,0
B198,H,B,1904,3,54.75,1.8,,38F1,25.6,fgs & sh,240,fs,3,1,0,,,0,0
B200,H,B,1904,3,53.65,2.65,,36F2,34.75,fdgs,240,fs,3,0,0,,,0,0
B201,H,B,1904,3,53.52,2.83,,36F2,31.09,fdgs,300,fs,3,0,0,,,0,0
B202,H,B,1904,3,53.37,3.17,,35F3,29.26,fdgs,300,fs,3,0,0,,,0,0
B203,H,B,1904,3,53.3,3.32,,35F3,25.6,fdgs,90,fs,3,0,0,,,0,0
B213,H,B,1904,3,53.03,2.78,,35F2,29.26,fdgs,105,fs,3,0,0,,,0,0
B214,H,B,1904,3,53.18,2.83,,35F2,29.26,fdgs,270,fs,3,0,0,,,0,0
B215,H,B,1904,3,53.18,3.02,,35F3,31.09,fds,120,fs,3,0,0,,,0,0
B216,H,B,1904,3,53.18,2.93,,35F2,31.09,fds,120,fs,3,0,0,,,0,0
B217,H,B,1904,3,53.27,2.77,,35F2,31.09,fds,120,fs,3,0,0,,,0,0
B218,H,B,1904,3,53.35,2.58,,35F2,29.26,fds,120,fs,3,0,0,,,0,0
B219,H,B,1904,3,53.43,2.52,,35F2,29.26,fds,120,fs,3,0,0,,,0,0
B220,H,B,1904,3,53.42,2.57,,35F2,25.6,fds,300,fs,3,0,0,,,0,0
B221,H,B,1904,3,53.48,2.65,,35F2,27.43,fds,300,fs,3,0,0,,,0,0
B222,H,B,1904,3,52.98,0.37,,34F0,29.26,d.cs & ross,90,cs,5,0,1,,,0,0
B223,H,B,1904,4,52.97,0.32,,34F0,23.77,cs & m,50,mcs,3.5,0,0,,,0,0
B224,H,B,1904,4,53.32,0.42,,35F0,12.8,s & gvl,105,sgr,5,0,0,,,0,0
B225,H,B,1904,4,53.3,0.35,,35F0,10.97,sm,60,ms,3,0,0,,,0,0
B226,H,B,1904,4,53.4,0.35,,35F0,14.63,s &gvl,120,sgr,4,0,0,,,0,0
B227,H,B,1904,4,53.37,0.67,,35F0,23.77,cs & m,120,mcs,3.5,0,0,,,0,0
B228,H,B,1904,4,53.4,0.68,,35F0,53.04,m,120,m,2,0,0,,,0,0
B229,H,B,1904,4,54.15,0.25,,37F0,51.21,cs & gvl,105,csgr,5.5,0,0,,,0,0
B232,H,B,1904,4,54.12,0.75,,37F0,53.04,g.br.s,120,s,4,0,0,,,0,0
B234,H,B,1904,4,54.18,0.97,,37F0,47.55,g.spk.s,120,s,4,0,0,,,0,0
B236,H,B,1904,4,54.1,1.02,,37F1,47.55,dgs,120,s,4,0,0,,,0,0
B237,H,B,1904,4,54.05,1,,37F0,45.72,dgs,120,s,4,0,0,,,0,0
B244,H,B,1904,4,52.3,3.28,,33F3,31.09,fds,120,fs,3,0,0,,,0,0
B245,H,B,1904,4,52.3,3.18,,33F3,32.92,f.spk.s,120,fs,3,0,0,,,0,0
B246,H,B,1904,4,52.08,2.33,,33F2,45.72,fs & sh,195,fs,3,1,0,,,0,0
B247,H,B,1904,4,51.22,1.82,,31F1,36.58,gvl,60,gr,6,0,0,,,0,0
B248,H,B,1904,4,51.27,1.78,,31F1,38.4,cs,60,cs,5,0,0,,,0,0
B250,H,B,1904,4,52.25,2.05,,33F2,38.4,sm & sh,270,ms,3,1,0,,,0,0
B251,H,B,1904,4,52.43,2.03,,33F2,34.75,s & gvl,240,sgr,5,0,0,,,0,0
B276,H,B,1905,1,54.02,-0.15,,3.70E+10,10.97,fs,30,fs,3,0,0,,,0,0
B277,H,B,1905,1,54.17,0.43,,37F0,56.69,fds,120,fs,3,0,0,,,0,0
B278,H,B,1905,1,52.85,2.37,,34F2,42.06,fs & m,180,mfs,2.5,0,0,,,0,0
B279,H,B,1905,1,53.07,2.63,,35F2,34.75,fs,180,fs,3,0,0,,,0,0
B280,H,B,1905,1,53.32,2.93,,35F2,31.09,fs,240,fs,3,0,0,,,0,0
B281,H,B,1905,1,53.58,2.98,,36F2,31.09,fds,240,fs,3,0,0,,,0,0
B282,H,B,1905,1,53.45,3.35,,35F3,31.09,fds,360,fs,3,0,0,,,0,0
B283,H,B,1905,1,53.18,3.8,,35F3,27.43,fds,300,fs,3,0,0,,,0,0
B284,H,B,1905,1,53.07,4.12,,35F4,29.26,fs,210,fs,3,0,0,,,0,0
B285,H,B,1905,1,53.05,4.22,,35F4,29.26,fgs,240,fs,3,0,0,,,0,0
B286,H,B,1905,1,52.77,3.57,,34F3,27.43,f.br.s,300,fs,3,0,0,,,0,0
B287,H,B,1905,1,52.35,2.05,,33F2,40.23,fds,240,fs,3,0,0,,,0,0
B288,H,B,1905,1,52.57,2.28,,34F2,40.23,ross,45,NA,NA,0,1,,,0,0
B289,H,B,1905,1,52.68,3.1,,34F3,32.92,bk.spk.s,240,s,4,0,0,,,0,0
B290,H,B,1905,1,53.35,2.52,,35F2,29.26,fgs,300,fs,3,0,0,,,0,0
B291,H,B,1905,1,53.43,2.4,,35F2,23.77,fds,180,fs,3,0,0,,,0,0
B292,H,B,1905,1,53.78,2.43,,36F2,43.89,sharp.s,240,cs,5,0,0,,,0,0
B293,H,B,1905,1,54.73,-0.83,,3.80E+10,51.21,m,120,m,2,0,0,,,0,0
B294,H,B,1905,1,54.72,-1.2,,3.80E+09,12.8,cs,49.98,fs,5,0,0,,,0,0
B295,H,B,1905,1,52.1,3.68,,33F3,21.95,fs & sh,120,fs,3,1,0,,,0,0
B296,H,B,1905,1,52.17,3.68,,33F3,21.95,f.br.s,120,fs,3,0,0,,,0,0
B297,H,B,1905,1,52.28,3.88,,33F3,25.6,fg.br.s,120,fs,3,0,0,,,0,0
B298,H,B,1905,1,52.32,4.03,,33F4,23.77,fs,120,fs,3,0,0,,,0,0
B299,H,B,1905,2,52.38,2.03,,33F2,32.92,s & ross,90,s,4,0,1,,,0,0
B301,H,B,1905,2,52.77,4.55,,34F4,16.46,fds,120,fs,3,0,0,,,0,0
B302,H,B,1905,2,54.03,-0.15,,3.70E+10,10.97,fds,60,fs,3,0,0,,,0,0
B303,H,B,1905,2,54.03,-0.13,,3.70E+10,10.97,fds,60,fs,3,0,0,,,0,0
B304,H,B,1905,2,54.02,-0.15,,3.70E+10,10.97,fds,60,fs,3,0,0,,,0,0
B305,H,B,1905,2,52.87,3.9,,34F3,27.43,fds,105,fs,3,0,0,,,0,0
B306,H,B,1905,2,52.9,4.32,,34F4,25.6,fds,60,fs,3,0,0,,,0,0
B307,H,B,1905,2,52.92,4.35,,34F4,23.77,fds,60,fs,3,0,0,,,0,0
B308,H,B,1905,2,52.93,4.3,,34F4,23.77,fds,60,fs,3,0,0,,,0,0
B310,H,B,1905,2,52.93,4.25,,34F4,25.6,fds,60,fs,3,0,0,,,0,0
B311,H,B,1905,2,52.95,4.2,,34F4,29.26,fgs,60,fs,3,0,0,,,0,0
B312,H,B,1905,2,53.02,4.22,,35F4,29.26,fgs,90,fs,3,0,0,,,0,0
B313,H,B,1905,2,54.62,1.82,,38F1,21.95,fgs & sh,60,fs,3,1,0,,,0,0
B314,H,B,1905,2,53.37,0.32,,35F0,12.8,ds & gvl,60,sgr,4,0,0,,,0,0
B315,H,B,1905,2,53.38,0.35,,35F0,12.8,s & gvl,60,sgr,5,0,0,,,0,0
B316,H,B,1905,2,53.37,0.4,,35F0,12.8,s & gvl,60,sgr,5,0,0,,,0,0
B317,H,B,1905,2,53.97,0.73,,36F0,47.55,cds,240,cs,5,0,0,,,0,0
B318,H,B,1905,2,54.08,0.73,,37F0,49.38,fds,240,fs,3,0,0,,,0,0
B319,H,B,1905,2,54.02,0.63,,37F0,49.38,fds,60,fs,3,0,0,,,0,0
B320,H,B,1905,2,54.7,2.48,,38F2,20.12,fgs & sh,60,fs,3,1,0,,,0,0
B321,H,B,1905,2,53.82,3.62,,36F3,36.58,fgs,120,fs,3,0,0,,,0,0
B322,H,B,1905,2,53.2,3.3,,35F3,25.6,fgs,120,fs,3,0,0,,,0,0
B323,H,B,1905,2,53.2,3.38,,35F3,29.26,fgs,120,fs,3,0,0,,,0,0
B324,H,B,1905,2,52.98,0.33,,34F0,23.77,cs.m,90,mcs,5,0,0,,,0,0
B325,H,B,1905,2,53.35,0.38,,35F0,14.63,spk.s,180,s,4,0,0,,,0,0
B326,H,B,1905,2,53.07,0.98,,35F0,21.95,s & sh,60,s,4,1,0,,,0,0
B327,H,B,1905,2,52.38,2.03,,33F2,32.92,"s.gvl,sh",95,sgr,5,1,0,,,0,0
B328,H,B,1905,2,52.45,2.77,,33F2,45.72,f.spk.s,150,fs,3,0,0,,,0,0
B329,H,B,1905,2,52.45,2.93,,33F2,45.72,f.spk.s,150,fs,3,0,0,,,0,0
B331,H,B,1905,2,52.65,3.25,,34F3,36.58,fgs & sh,180,fs,3,1,0,,,0,0
B332,H,B,1905,2,52.8,3.4,,34F3,31.09,fds,180,fs,3,0,0,,,0,0
B333,H,B,1905,2,52.72,3.37,,34F3,31.09,fgs & sh,270,fs,3,1,0,,,0,0
B334,H,B,1905,2,52.58,3.37,,34F3,32.92,fgs & sh,270,fs,3,1,0,,,0,0
B335,H,B,1905,2,52.63,3.52,,34F3,29.26,fgs,305,fs,3,0,0,,,0,0
B336,H,B,1905,2,52.85,3.48,,34F3,29.26,fgs,315,fs,3,0,0,,,0,0
B337,H,B,1905,2,52.72,3.62,,34F3,29.26,fgs,310,fs,3,0,0,,,0,0
B338,H,B,1905,2,52.8,3.58,,34F3,31.09,fgs,300,fs,3,0,0,,,0,0
B339,H,B,1905,2,52.83,3.28,,34F3,29.26,fgs,300,fs,3,0,0,,,0,0
B340,H,B,1905,2,52.82,2.93,,34F2,34.75,fgs,300,fs,3,0,0,,,0,0
B341,H,B,1905,2,52.88,2.52,,34F2,36.58,fgs,360,fs,3,0,0,,,0,0
B342,H,B,1905,2,52.72,2.42,,34F2,43.89,cs & ross,300,cs,5,0,1,,,0,0
B343,H,B,1905,2,52.58,2.65,,34F2,47.55,cs & ross,300,cs,5,0,1,,,0,0
B345,H,B,1905,3,54.02,-0.17,,3.70E+10,27.43,fds,120,fs,3,0,0,,,0,0
B346,H,B,1905,3,56.03,1.07,,41F1,58.52,fsm,60,fs,3,0,0,,,0,0
B347,H,B,1905,3,53.25,2.45,,35F2,27.43,fs,120,fs,3,0,0,,,0,0
B348,H,B,1905,3,53.33,2.4,,35F2,27.43,fds,120,fs,3,0,0,,,0,0
B349,H,B,1905,3,53.3,2.45,,35F2,31.09,fgs,120,fs,3,0,0,,,0,0
B350,H,B,1905,3,53.35,2.38,,35F2,27.43,fgs,120,fs,3,0,0,,,0,0
B351,H,B,1905,3,53.3,2.35,,35F2,20.12,fgs,120,fs,3,0,0,,,0,0
B352,H,B,1905,3,53.35,2.45,,35F2,25.6,fgs,120,fs,3,0,0,,,0,0
B353,H,B,1905,3,53.35,2.37,,35F2,29.26,fgs,120,fs,3,0,0,,,0,0
B354,H,B,1905,3,53.27,2.45,,35F2,25.6,fgs,120,fs,3,0,0,,,0,0
B355,H,B,1905,3,53.2,3.75,,35F3,27.43,fgs,120,fs,3,0,0,,,0,0
B356,H,B,1905,3,53.13,3.73,,35F3,27.43,fgs,120,fs,3,0,0,,,0,0
B358,H,B,1905,3,53.18,3.68,,35F3,27.43,fgs,120,fs,3,0,0,,,0,0
B359,H,B,1905,3,52.33,1.82,,33F1,25.6,cs,120,fs,5,0,0,,,0,0
B360,H,B,1905,3,52.3,1.8,,33F1,21.95,cs gvl,120,csgr,5.5,0,0,,,0,0
B361,H,B,1905,3,52.28,1.77,,33F1,21.95,cs & m,120,mcs,3.5,0,0,,,0,0
B362,H,B,1905,3,52.3,1.78,,33F1,21.95,cs & st,120,csst,6,0,0,,,0,0
B363,H,B,1905,3,52.87,2.95,,34F2,36.58,fs,120,fs,3,0,0,,,0,0
B364,H,B,1905,3,52.83,2.95,,34F2,40.23,fs,120,fs,3,0,0,,,0,0
B365,H,B,1905,3,52.82,2.95,,34F2,40.23,fs,120,fs,3,0,0,,,0,0
B366,H,B,1905,3,52.82,2.93,,34F2,36.58,fs,120,fs,3,0,0,,,0,0
B367,H,B,1905,3,52.8,2.3,,34F2,45.72,s.blk.m,120,ms,3,0,0,,,0,0
B368,H,B,1905,3,52.85,2.25,,34F2,47.55,blk.spk.s,120,s,4,0,0,,,0,0
B369,H,B,1905,3,52.85,2.22,,34F2,43.89,fs,60,fs,3,0,0,,,0,0
B370,H,B,1905,3,52.87,2.28,,34F2,43.89,cs,90,fs,5,0,0,,,0,0
B371,H,B,1905,3,53.3,0.32,,35F0,12.8,gvl,60,gr,6,0,0,,,0,0
B372,H,B,1905,3,53.35,0.35,,35F0,14.63,s.gvl,165,sgr,5,0,0,,,0,0
B373,H,B,1905,3,53.48,7.27,,35F7,29.26,fgs,120,fs,3,0,0,,,0,0
B374,H,B,1905,3,53.18,3.05,,35F3,29.26,fdgs,120,fs,3,0,0,,,0,0
B375,H,B,1905,3,53.22,2.95,,35F2,29.26,fdgs,120,fs,3,0,0,,,0,0
B376,H,B,1905,3,52.73,4.55,,34F4,16.46,fg.spk.s,120,fs,3,0,0,,,0,0
B377,H,B,1905,3,52.87,4.52,,34F4,18.29,fgs,120,fs,3,0,0,,,0,0
B378,H,B,1905,3,52.33,2.02,,33F2,31.09,c.br.s,120,cs,5,0,0,,,0,0
B379,H,B,1905,3,52.33,1.98,,33F1,32.92,cs & sh,120,cs,5,1,0,,,0,0
B380,H,B,1905,3,52.1,2.53,,33F2,49.38,fgs,240,fs,3,0,0,,,0,0
B381,H,B,1905,3,52.23,2.75,,33F2,42.06,fgs,240,fs,3,0,0,,,0,0
B382,H,B,1905,3,52.37,2.8,,33F2,45.72,fgs,240,fs,3,0,0,,,0,0
B384,H,B,1905,3,52.65,2.95,,34F2,36.58,fgs,300,fs,3,0,0,,,0,0
B385,H,B,1905,3,52.3,2.63,,33F2,42.06,fgs,300,fs,3,0,0,,,0,0
B386,H,B,1905,3,52.43,2.78,,33F2,43.89,fgs,300,fs,3,0,0,,,0,0
B387,H,B,1905,3,52.63,2.7,,34F2,43.89,fgs.blk.clay,300,fs,3,0,0,,,0,0
B388,H,B,1905,3,52.78,2.52,,34F2,43.89,fgs,300,fs,3,0,0,,,0,0
B389,H,B,1905,3,53.28,2.6,,35F2,31.09,fgs,120,fs,3,0,0,,,0,0
B390,H,B,1905,3,53.22,3.07,,35F3,29.26,fgs,330,fs,3,0,0,,,0,0
B391,H,B,1905,3,53.42,2.97,,35F2,29.26,fgs,300,fs,3,0,0,,,0,0
B392,H,B,1905,3,53.22,1.83,,35F1,31.09,s & ross,120,s,4,0,1,,,0,0
B394,H,B,1905,3,52.72,2.35,,34F2,43.89,s & ross,300,s,4,0,1,,,0,0
B395,H,B,1905,3,52.95,2.3,,34F2,42.06,s & ross,300,s,4,0,1,,,0,0
B396,H,B,1905,3,52.72,2.42,,34F2,45.72,s & ross,270,s,4,0,1,,,0,0
B397,H,B,1905,4,54.08,0.68,,37F0,51.21,fdgs,240,fs,3,0,0,,,0,0
B398,H,B,1905,4,51.42,1.47,,31F1,14.63,sm,90,ms,3,0,0,,,0,0
O1,H,O,1902,4,54.65,2.13,,38F2,22,"s, sh",135,s,4,1,0,,,0,0
O2,H,O,1902,4,54.68,2.82,,38F2,33,fs,90,fs,3,0,0,,,0,0
O3,H,O,1902,4,53.78,6,,36F6,29,fs,120,fs,3,0,0,,,0,0
O4,H,O,1902,4,53.52,5.72,,36F5,20,fs,60,fs,3,0,0,foul haul? Board capsized?,,0,0
O6,H,O,1902,4,52.73,3.53,,34F3,29,fs,60,fs,3,0,0,,,0,0
O7,H,O,1902,4,52.67,3.35,,34F3,37,fs,135,fs,3,0,0,,,0,0
O8,H,O,1902,4,52.5,4.23,,34F4,22,fs,120,fs,3,0,0,,,0,0
O9,H,O,1902,4,52.53,3.95,,34F3,26,fs,420,fs,3,0,0,,,0,0
O10,H,O,1902,4,53.68,5.47,,36F5,29,fs,235,fs,3,0,0,,,0,0
O11,H,O,1902,4,53.7,5.5,,36F5,27,fs,75,fs,3,0,0,,,0,0
O12,H,O,1902,4,53.65,5.5,,36F5,26,fs,65,fs,3,0,0,,,0,0
O13,H,O,1902,4,53.6,5.5,,36F5,24,fs,70,fs,3,0,0,,,0,0
O14,H,O,1902,4,53.65,5,,36F5,38,fs,300,fs,3,0,0,,,0,0
O15,H,O,1902,4,53.77,4.78,,36F4,40,m,270,m,2,0,0,,,0,0
O16,H,O,1902,4,53.83,4.73,,36F4,42,m,420,m,2,0,0,,,0,0
O17,H,O,1902,4,53.83,4.6,,36F4,40,m,165,m,2,0,0,,,0,0
O18,H,O,1902,4,53.9,4.73,,36F4,42,"s,m",180,ms,3,0,0,,,1,0
O19,H,O,1903,1,53.85,4.92,,36F4,38,fgs,180,fs,3,0,0,carried away port brake o,,1,0
O20,H,O,1903,1,52.28,2.52,,33F2,44,fgs,180,fs,3,0,0,,,0,0
O21,H,O,1903,1,52.4,2.62,,33F2,44,fs,180,fs,3,0,0,,,0,0
O22,H,O,1903,1,52.38,2.53,,33F2,44,fgs,380,fs,3,0,0,,,0,0
O23,H,O,1903,1,52.38,2.53,,33F2,44,fgs,285,fs,3,0,0,,,0,0
O27,H,O,1903,1,53.7,4.07,,36F4,37,"fgs,m",330,mfs,2.5,0,0,,,0,0
O28,H,O,1903,1,53.93,4.22,,36F4,42,"s,m",300,ms,3,0,0,,,0,0
O31,H,O,1903,1,52.5,2.02,,34F2,33,"ross,gr",330,gr,6,0,1,,,0,0
O32,H,O,1903,1,52.47,2.05,,33F2,35,cs,235,cs,5,0,0,,,0,0
O33,H,O,1903,1,53.78,2.58,,36F2,55,m,195,m,2,0,0,,,0,0
O34,H,O,1903,1,54.05,2.32,,37F2,59,"s,m",345,ms,3,0,0,,,0,0
O35,H,O,1903,1,54.52,3.22,,38F3,42,fgs,170,fs,3,0,0,,,0,0
O36,H,O,1903,1,54.58,3.38,,38F3,41,ooze,170,m,3,0,0,,,0,0
O37,H,O,1903,1,54.87,3.48,,38F3,44,fgs,255,fs,3,0,0,,,0,0
O38,H,O,1903,1,55.08,3.78,,39F3,44,"fs, ooze",230,mfs,2,0,0,,,0,0
O39,H,O,1903,1,55.22,3.88,,39F3,40,"s, sh",210,s,4,1,0,trawl split,,0,0
O40,H,O,1903,1,55.45,3.8,,39F3,38,"fgs, s, sh",300,fs,3,1,0,,,0,0
O41,H,O,1903,1,55.7,3.62,,40F3,46,"s, clay",270,ms,3,0,0,,,0,0
O42,H,O,1903,1,55.63,3.52,,40F3,40,"s,sh",325,s,4,1,0,,,0,0
O43,H,O,1903,1,55.52,3.38,,40F3,35,fs,300,fs,3,0,0,,,0,0
O44,H,O,1903,1,55.38,3.12,,39F3,31,"s, sh",330,s,4,1,0,,,0,0
O45,H,O,1903,1,55.27,2.78,,39F2,31,"s, sh",330,s,4,1,0,,,0,0
O47,H,O,1903,1,51.87,2.78,,32F2,37,fs,370,fs,3,0,0,trawl foul,,0,0
O48,H,O,1903,1,52.13,2.13,,33F2,40,cs,105,fs,5,0,0,,,1,0
O49,H,O,1903,1,52.17,2.17,,33F2,44,cs,105,fs,5,0,0,,,0,0
O50,H,O,1903,2,54.23,0.22,,37F0,55,"gr, sh",60,gr,6,1,0,very rich in nearly all invertebrate groups,,0,0
O51,H,O,1903,2,54.33,0.3,,37F0,60,m,210,m,2,0,0,net split,,0,0
O52,H,O,1903,2,54.03,0.42,,37F0,62,m,285,m,2,0,0,,,0,0
O53,H,O,1903,2,54.52,-0.37,,3.80E+10,62,fs,240,fs,3,0,0,split net belly,,0,0
O54,H,O,1903,2,54.77,-0.5,,3.80E+10,60,fds,240,fs,3,0,0,,,0,0
O55,H,O,1903,2,54.75,1.77,,38F1,24,fds,180,fs,3,0,0,,,0,0
O56,H,O,1903,2,54.82,1.87,,38F1,24,fgs,240,fs,3,0,0,belly split,,0,0
O57,H,O,1903,2,54.85,1.92,,38F1,27,fgs,360,fs,3,0,0,fore-wing split,,0,0
O58,H,O,1903,2,54.82,2.07,,38F2,26,fgs,300,fs,3,0,0,,,0,0
O59,H,O,1903,2,54.75,3.22,,38F3,38,fgs,315,fs,3,0,0,,,0,0
O60,H,O,1903,2,54.48,2.95,,37F2,33,fgs,300,fs,3,0,0,,,0,0
O61,H,O,1903,2,54.47,2.78,,37F2,29,fds,240,fs,3,0,0,,,0,0
O62,H,O,1903,2,54.45,2.78,,37F2,27,fgs,240,fs,3,0,0,,,0,0
O63,H,O,1903,2,54.47,2.83,,37F2,33,fgs,420,fs,3,0,0,,,0,0
O64,H,O,1903,2,53.62,2.72,,36F2,29,fgs,240,fs,3,0,0,,,0,0
O65,H,O,1903,2,53.48,2.55,,35F2,24,fbrs,420,fs,3,0,0,,,0,0
O66,H,O,1903,2,53.4,2.52,,35F2,22,fgs,240,fs,3,0,0,,,0,0
O67,H,O,1903,2,53.42,2.48,,35F2,27,fgs,240,fs,3,0,0,,,0,0
O80,H,O,1903,2,54.17,8,,37F8,37,ooze,90,m,1,0,0,,,0,0
O81,H,O,1903,2,55.47,4.83,,39F4,40,fls,60,fs,3,0,0,,,0,0
O82,H,O,1903,2,55.42,2.83,,39F2,37,fs & sh,120,fs,3,1,0,,,0,0
O84,H,O,1903,2,55.13,1.33,,39F1,59,fds,360,fs,3,0,0,mast -rigging&anchor hoved,,0,0
O85,H,O,1903,2,54.72,0.97,,38F0,69,fds,420,fs,3,0,0,had net all to pieces,,0,0
O86,H,O,1903,3,55,1.05,,39F1,62,fds,345,fs,3,0,0,,,0,0
O87,H,O,1903,3,55.02,0.87,,39F0,64,fds,270,fs,3,0,0,badly torn net,,0,0
O88,H,O,1903,3,53.48,2.43,,35F2,31,fgs,120,fs,3,0,0,,,0,0
O89,H,O,1903,3,53.37,2.52,,35F2,29,fgs,120,fs,3,0,0,,,0,0
O90,H,O,1903,3,52.93,3.52,,34F3,29,fgs,120,fs,3,0,0,,,0,0
O93,H,O,1903,3,52.75,2.37,,34F2,46,fds,120,fs,3,0,0,,,0,0
O94,H,O,1903,3,53.07,2.45,,35F2,37,fds,300,fs,3,0,0,,,0,0
O95,H,O,1903,3,53.13,2.52,,35F2,33,fs,360,fs,3,0,0,,,0,0
O97,H,O,1903,3,53.2,2.45,,35F2,29,fds,300,fs,3,0,0,,,0,0
O99,H,O,1903,3,53.23,2.58,,35F2,29,fds,300,fs,3,0,0,,,0,0
O100,H,O,1903,3,53.4,2.75,,35F2,31,fds,300,fs,3,0,0,,,0,0
O102,H,O,1903,3,53.5,2.87,,35F2,35,fds,345,fs,3,0,0,,,0,0
O103,H,O,1903,3,53.23,3.82,,35F3,26,"fds, m",180,mfs,2.5,0,0,,,0,0
O104,H,O,1903,3,53.7,4.85,,36F4,31,fds,420,fs,3,0,0,,,1,0
O105,H,O,1903,3,53.7,4.85,,36F4,31,fds,120,fs,3,0,0,,,1,0
O106,H,O,1903,3,53.63,4.85,,36F4,31,fds,90,fs,3,0,0,,,1,0
O107,H,O,1903,3,54.83,8,,38F8,15,fds,120,fs,3,0,0,,,0,0
O110,H,O,1903,3,54.08,8,,37F8,38,fds,175,fs,3,0,0,,,0,0
O111,H,O,1903,3,55.35,6.37,,39F6,44,m,300,m,2,0,0,,,0,0
O112,H,O,1903,3,55.43,6.12,,39F6,49,"fs, m",180,mfs,2.5,0,0,,,1,0
O114,H,O,1903,3,53.73,3.83,,35F3,40,"fs, m",240,mfs,2.5,0,0,,,0,0
O115,H,O,1903,3,53.65,4.4,,36F4,37,m,90,m,2,0,0,,,0,0
O118,H,O,1903,4,56.6,-1.5,,4.20E+09,64,ds &  sh,195,s,4,1,0,,,0,0
O120,H,O,1903,4,55.57,8,,40F8,16,fs,115,fs,3,0,0,,,0,0
O121,H,O,1903,4,55.42,8.08,,39F8,13,fs,75,fs,3,0,0,,,0,0
O122,H,O,1903,4,52.32,2.78,,33F2,40,fgs,180,fs,3,0,0,,,0,0
O159,H,O,1904,1,50.5,-2.88,,2.90E+08,36.58,"spk, s",150,s,4,0,0,,,0,0
O160,H,O,1904,1,54.55,2.67,,38F2,20.12,fs,360,fs,3,0,0,,,0,0
O161,H,O,1904,1,54.53,2.88,,38F2,29.26,fs,420,fs,3,0,0,,,0,0
O162,H,O,1904,1,54.53,2.92,,38F2,29.26,fs,390,fs,3,0,0,,,0,0
O163,H,O,1904,1,54.55,2.73,,38F2,27.43,fs,150,fs,3,0,0,,,0,0
O164,H,O,1904,1,54.65,2.33,,38F2,21.95,fs,340,fs,3,0,0,,,0,0
O165,H,O,1904,1,54.53,2.23,,38F2,20.12,fls,120,fs,3,0,0,,,0,0
O166,H,O,1904,1,54.92,2.48,,38F2,21.95,fs,360,fs,3,0,0,,,0,0
O172,H,O,1904,1,51.63,2.58,,32F2,20.12,fs & sh,300,fs,3,1,0,,,0,0
O173,H,O,1904,1,54.58,2.88,,38F2,23.77,fs,300,fs,3,0,0,,,0,0
O174,H,O,1904,1,54.48,2.92,,37F2,27.43,fs,180,fs,3,0,0,,,0,0
O175,H,O,1904,1,55.23,4.35,,39F4,43.89,fs,300,fs,3,0,0,,,0,0
O176,H,O,1904,1,55.4,6.43,,39F6,42.06,fs,360,fs,3,0,0,,,0,0
O177,H,O,1904,1,55.55,6.47,,40F6,42.06,fs,360,fs,3,0,0,,,1,0
O178,H,O,1904,1,55.43,6.67,,39F6,40.23,fs & ooze,450,mfs,2,0,0,,,1,0
O179,H,O,1904,1,55.6,6.52,,40F6,42.06,fs,450,fs,3,0,0,,,0,0
O180,H,O,1904,1,55.5,6.58,,39F6,42.06,fs,390,fs,3,0,0,,,0,0
O181,H,O,1904,1,55.8,6.57,,40F6,42.06,fs & ooze,450,mfs,2,0,0,,,1,0
O184,H,O,1904,1,54.4,2.68,,37F2,21.95,fs,345,fs,3,0,0,,,0,0
O186,H,O,1904,2,53.78,4.97,,36F4,36.58,m,300,m,2,0,0,,,0,0
O187,H,O,1904,2,53.65,4.63,,36F4,36.58,s & m,300,ms,3,0,0,,,0,0
O188,H,O,1904,2,54.93,8.18,,38F8,12.8,fs,120,fs,3,0,0,,,0,0
O216,H,O,1904,3,53.9,2.32,,36F2,56.69,m,315,m,2,0,0,,,0,0
O231,H,O,1904,3,52.58,4.45,,34F4,16.46,fgs,240,fs,3,0,0,,,0,0
O232,H,O,1904,3,53.1,3.87,,35F3,27.43,fdgs,360,fs,3,0,0,,,0,0
O234,H,O,1904,3,55.43,6.05,,39F6,45.72,s & oz,240,ms,2.5,0,0,,,0,0
O247,H,O,1904,4,54.3,2.5,,37F2,31.09,gs & sh,285,gr,4,1,0,,,0,0
O248,H,O,1904,4,54.33,2.42,,37F2,31.09,s & gvl,285,sgr,5,0,0,,,0,0
O266,H,O,1905,1,54.22,0.42,,37F0,56.69,fds,300,fs,3,0,0,,,0,0
O267,H,O,1905,1,54.23,0.42,,37F0,56.69,fds,300,fs,3,0,0,,,0,0
O268,H,O,1905,1,53.95,0.6,,36F0,47.55,fs,240,fs,3,0,0,,,0,0
O269,H,O,1905,1,54.1,1.13,,37F1,45.72,fs,240,fs,3,0,0,,,0,0
O270,H,O,1905,1,54.55,2.75,,38F2,29.26,fs,300,fs,3,0,0,,,0,0
O271,H,O,1905,1,54.65,2.63,,38F2,27.43,fs,300,fs,3,0,0,,,0,0
O272,H,O,1905,1,54.8,3.57,,38F3,21.95,fs,300,fs,3,0,0,,,0,0
O273,H,O,1905,1,54.98,2.65,,38F2,21.95,fs & m,300,mfs,2.5,0,0,,,0,0
O274,H,O,1905,1,54.8,2.77,,38F2,21.95,fs & m,300,mfs,2.5,0,0,,,0,0
O275,H,O,1905,1,54.85,3.5,,38F3,38.4,fs & m,165,mfs,2.5,0,0,,,0,0
O276,H,O,1905,1,53.45,2.9,,35F2,34.75,fs & m,300,mfs,2.5,0,0,,,1,0
O277,H,O,1905,1,53.45,2.8,,35F2,31.09,fgs,135,fs,3,0,0,,,0,0
O278,H,O,1905,1,54.22,1.02,,37F1,53.04,fds,300,fs,3,0,0,,,0,0
O279,H,O,1905,1,54.27,1.2,,37F1,49.38,fds,240,fs,3,0,0,,,0,0
O280,H,O,1905,1,54.33,1.13,,37F1,36.58,fs,240,fs,3,0,0,,,0,0
O281,H,O,1905,1,54.72,-0.93,,3.80E+10,36.58,fds,120,fs,3,0,0,,,0,0
O282,H,O,1905,1,54.7,-0.97,,3.80E+10,49.38,fds & m,120,mfs,2.5,0,0,,,0,0
O283,H,O,1905,1,54.72,-0.27,,3.80E+10,62.18,fds,120,fs,3,0,0,,,0,0
O284,H,O,1905,1,54.67,-0.3,,3.80E+10,64.01,fds,300,fs,3,0,0,,,0,0
O285,H,O,1905,1,54.68,-0.28,,3.80E+10,64.01,fds,300,fs,3,0,0,,,0,0
O286,H,O,1905,1,54.97,0.47,,38F0,78.64,fds,165,fs,3,0,0,,,0,0
O287,H,O,1905,1,55,0.7,,38F0,73.15,fds,300,fs,3,0,0,,,0,0
O289,H,O,1905,1,54.68,2.07,,38F2,21.95,fgs,300,fs,3,0,0,,,0,0
O290,H,O,1905,2,52.18,4.12,,33F4,20.12,ds,60,s,4,0,0,,,0,0
O291,H,O,1905,2,52.2,4.05,,33F4,21.95,d.br.s,60,s,4,0,0,,,0,0
O292,H,O,1905,2,52.22,3.92,,33F3,21.95,f.br.s,120,fs,3,0,0,,,0,0
O293,H,O,1905,2,52.27,4.02,,33F4,20.12,g.br.s,90,s,5,0,0,,,0,0
O294,H,O,1905,2,52.27,3.9,,33F3,21.95,g.br.s,90,s,5,0,0,,,0,0
O295,H,O,1905,2,52.28,3.8,,33F3,23.77,g.br.s,90,s,5,0,0,,,0,0
O296,H,O,1905,2,52.35,3.77,,33F3,25.6,g.br.s,95,s,5,0,0,,,0,0
O297,H,O,1905,2,52.3,2.65,,33F2,42.06,gs,120,s,5,0,0,,,0,0
O298,H,O,1905,2,52.33,2.73,,33F2,43.89,g.br.s,90,s,5,0,0,,,0,0
O299,H,O,1905,2,52.35,2.8,,33F2,38.4,g.br.s & sh,90,s,5,1,0,,,0,0
O301,H,O,1905,2,53.42,2.87,,35F2,29.26,fds,240,fs,3,0,0,,,0,0
O302,H,O,1905,2,53.3,3.2,,35F3,27.43,fds,240,fs,3,0,0,,,0,0
O303,H,O,1905,2,53.23,3.45,,35F3,25.6,fds,240,fs,3,0,0,,,0,0
O304,H,O,1905,2,53.18,3.77,,35F3,25.6,fds,270,fs,3,0,0,,,0,0
O306,H,O,1905,2,52.88,4.23,,34F4,27.43,fgs,270,fs,3,0,0,,,0,0
O310,H,O,1905,2,52.73,3.28,,34F3,29.26,fg.br.s,270,fs,3,0,0,,,0,0
O311,H,O,1905,2,52.73,3.2,,34F3,29.26,fgs,300,fs,3,0,0,,,0,0
O312,H,O,1905,2,54.05,0.7,,37F0,49.38,fds,240,fs,3,0,0,,,0,0
O313,H,O,1905,2,54.2,1.03,,37F1,51.21,fgs,120,fs,3,0,0,,,0,0
O314,H,O,1905,2,54.72,2.48,,38F2,23.77,fgs & sh,240,fs,3,1,0,,,0,0
O315,H,O,1905,2,54.65,2.87,,38F2,25.6,fdgs,240,fs,3,0,0,,,0,0
O316,H,O,1905,2,54.43,2.98,,37F2,34.75,fdgs,180,fs,3,0,0,,,0,0
O317,H,O,1905,2,54.37,3.58,,37F3,43.89,fds,180,fs,3,0,0,,,0,0
O318,H,O,1905,2,54.73,2.32,,38F2,21.95,fs & sh,300,fs,3,1,0,,,0,0
O319,H,O,1905,2,54.92,2.52,,38F2,23.77,fs & m,300,mfs,2.5,0,0,,,0,0
O320,H,O,1905,2,55.12,2.55,,39F2,27.43,fs & m,330,mfs,2.5,0,0,,,0,0
O321,H,O,1905,2,55.2,2.53,,39F2,31.09,fgs,300,fs,3,0,0,,,0,0
O324,H,O,1905,2,55.25,2.48,,39F2,36.58,fgs & sh,120,fs,3,1,0,,,0,0
O325,H,O,1905,2,55.92,2.82,,40F2,80.47,s & m,120,ms,3,0,0,,,0,0
O326,H,O,1905,2,56.42,3.25,,41F3,71.32,fs & m,120,mfs,2.5,0,0,,,0,0
O327,H,O,1905,3,56.13,1.57,,41F1,93.27,fs & m,120,mfs,2.5,0,0,,,0,0
O328,H,O,1905,3,55.08,0.63,,39F0,76.81,fs & m,120,mfs,2.5,0,0,,,0,0
O329,H,O,1905,3,54.35,0.67,,37F0,60.35,fds,300,fs,3,0,0,,,0,0
O330,H,O,1905,3,54.32,0.95,,37F0,49.38,fds,300,fs,3,0,0,,,0,0
O331,H,O,1905,3,54.6,1.12,,38F1,38.4,fdgs,300,fs,3,0,0,,,0,0
O332,H,O,1905,3,54.83,1.15,,38F1,47.55,fdgs,120,fs,3,0,0,,,0,0
O334,H,O,1905,3,55.02,1.07,,39F1,58.52,fsm,120,fs,3,0,0,,,0,0
O336,H,O,1905,3,55.45,1.3,,39F1,73.15,fsm,120,fs,3,0,0,,,0,0
O337,H,O,1905,3,55.22,0.37,,39F0,76.81,fsm,120,fs,3,0,0,,,0,0
O338,H,O,1905,3,54.95,0.27,,38F0,76.81,fsm,120,fs,3,0,0,,,0,0
O339,H,O,1905,3,54.7,-0.93,,3.80E+10,43.89,sm,120,fs,3,0,0,,,0,0
O340,H,O,1905,3,55.37,7.93,,39F7,18.29,fds,60,fs,3,0,0,,,0,0
O341,H,O,1905,3,55.67,6.65,,40F6,38.4,fds,60,fs,3,0,0,,,0,0
O343,H,O,1905,3,53.3,2.63,,35F2,29.26,fgs,240,fs,3,0,0,,,0,0
O344,H,O,1905,3,53.32,2.42,,35F2,29.26,fdgs,60,fs,3,0,0,,,0,0
O346,H,O,1905,3,53.17,3.13,,35F3,29.26,fdgs,240,fs,3,0,0,,,0,0
O347,H,O,1905,3,53.1,3.38,,35F3,29.26,fdgs,240,fs,3,0,0,,,0,0
O348,H,O,1905,3,52.87,4.5,,34F4,18.29,fgs,120,fs,3,0,0,,,0,0
O349,H,O,1905,3,52.88,3.38,,34F3,23.77,fgs,240,fs,3,0,0,,,0,0
O350,H,O,1905,3,52.95,4.5,,34F4,25.6,fgs,240,fs,3,0,0,,,0,0
O351,H,O,1905,3,53.03,4.55,,35F4,27.43,fgs,300,fs,3,0,0,,,0,0
O352,H,O,1905,3,53.1,4.52,,35F4,27.43,fgs,270,fs,3,0,0,,,0,0
O353,H,O,1905,4,55.62,-1.03,,3.60E+09,82.3,m,240,m,2,0,0,,,0,0
O354,H,O,1905,4,55.47,-0.6,,3.90E+10,82.3,m,240,m,2,0,0,,,0,0
O356,H,O,1905,4,55.07,1.77,,39F1,27.43,gvl,300,gr,6,0,0,,,0,0
O357,H,O,1905,4,55.18,1.97,,39F1,32.92,cs,240,cs,5,0,0,,,0,0
O358,H,O,1905,4,54.7,2.33,,38F2,23.77,fgs,300,fs,2,0,0,,,0,0
O359,H,O,1905,4,54.65,2.58,,38F2,23.77,fgs,240,fs,2,0,0,,,0,0
O360,H,O,1905,4,55.23,4.22,,39F4,43.89,s.oz,300,ms,2.5,0,0,,,0,0
O361,H,O,1905,4,55.17,4.08,,39F4,40.23,fg.blk.s,300,fs,4,0,0,,,0,0
O362,H,O,1905,4,54.2,0.75,,37F0,51.21,fdgs,240,fs,3,0,0,,,0,0
O363,H,O,1905,4,54.18,0.62,,37F0,54.86,fdgs,330,fs,3,0,0,,,0,0
O365,H,O,1905,4,53.98,0.6,,36F0,47.55,fgs,300,fs,3,0,0,,,0,0
O366,H,O,1905,4,54.05,0.9,,37F0,47.55,fdgs,285,fs,3,0,0,,,0,0
O367,H,O,1905,4,53.82,2.57,,36F2,45.72,sm,300,fs,3,0,0,,,0,0
O368,H,O,1905,4,53.38,2.47,,35F2,27.43,fs,240,fs,3,0,0,,,0,0
O369,H,O,1905,4,53.4,2.4,,35F2,21.95,fgs,300,fs,3,0,0,,,0,0
O370,H,O,1905,4,53.22,2.7,,35F2,27.43,fgs,360,fs,3,0,0,,,0,0
B418,H,B,1906,2,53.82,2.52,,36F2,55,sm,300,ms,3,0,0,,71-1,1,0
B420,H,B,1906,2,54.27,2.47,,37F2,37,fs,120,fs,3,0,0,,71-4,0,0
B422,H,B,1906,2,54.45,3.17,,37F3,44,s & oz,180,mfs,2.5,0,0,,71-6,1,0
B425,H,B,1906,2,54.8,3.48,,38F3,40,fgs & sh,240,fs,3,1,0,,71-11,0,0
B426,H,B,1906,2,55.03,3.27,,39F3,26,,180,fs,3,0,0,,71-13,0,0
O378,H,O,1906,2,55.35,2.95,,39F2,31,fgs.blk.spk,220,fs,3,0,0,,71-17,0,0
B428,H,B,1906,2,55.33,2.8,,39F2,31,fgs & sh,240,fs,3,1,0,,71-19,0,0
B430,H,B,1906,2,55.23,4.25,,39F4,49,fs & oz,240,mfs,2,0,0,,71-23,0,0
B431,H,B,1906,2,55.1,4.33,,39F4,42,fs & oz,245,mfs,2,0,0,,71-25,0,0
B432,H,B,1906,2,55.22,5.4,,39F5,44,fs,180,fs,3,0,0,,71-27,0,0
B433,H,B,1906,2,55.25,6.05,,39F6,31,fs,240,fs,3,0,0,,71-29,1,0
B434,H,B,1906,2,55.3,7.22,,39F7,24,fs,180,fs,3,0,0,,71-33,0,0
B435,H,B,1906,2,55.32,7.53,,39F7,20,fls,180,fs,3,0,0,,71-34,0,0
B436,H,B,1906,2,55.4,7.9,,39F7,20,fgs & m,180,mfs,2.5,0,0,,71-36,0,0
B437,H,B,1906,2,55.37,8.23,,39F8,13,fs & m,150,mfs,2.5,0,0,,71-37,0,0
O379,H,O,1906,2,55.38,8.18,,39F8,15,s & blk.m,150,ms,2.5,0,0,,71-39,0,0
B466,H,B,1906,2,53.38,1.93,,35F1,31,fds,240,fs,3,0,0,,74-1,0,0
B467,H,B,1906,2,53.3,2.15,,35F2,27,fs,300,fs,3,0,0,,74-2,0,0
B468,H,B,1906,2,53.45,2.23,,35F2,26,fs,300,fs,3,0,0,,74-3,0,0
B471,H,B,1906,2,53.27,3,,35F2,31,fs,300,fs,3,0,0,,74-6,0,0
B472,H,B,1906,2,53.2,3.32,,35F3,29,fs,300,fs,3,0,0,,74-7,0,0
B474,H,B,1906,2,53.05,3.88,,35F3,29,fs,300,fs,3,0,0,,74-9,0,0
B475,H,B,1906,2,52.98,4.13,,34F4,26,fs,300,fs,3,0,0,,74-10,0,0
B476,H,B,1906,2,52.92,4.33,,34F4,24,fs,300,fs,3,0,0,,74-11,0,0
B482,H,B,1906,2,52.28,3.48,,33F3,31,fs,300,fs,3,0,0,,74-21,0,0
B484,H,B,1906,2,52.35,2.97,,33F2,40,fs,300,fs,3,0,0,,74-24,0,0
O401,H,O,1906,3,54.63,0.83,,38F0,64,sm,240,fs,3,0,0,detailed,78-61,0,0
O405,H,O,1906,3,56.15,-0.93,,4.10E+10,62,gs,180,s,4,0,0,detailed,79-3,0,0
O406,H,O,1906,3,56.27,1.07,,41F1,71,m,180,m,2,0,0,detailed,79-9,0,0
O407,H,O,1906,3,56.25,1.67,,41F1,95,m,180,m,2,0,0,detailed,79-13,0,0
O408,H,O,1906,3,56.33,2.32,,41F2,79,m,180,m,2,0,0,detailed,79-17,0,0
O409,H,O,1906,3,56.62,3.85,,42F3,60,fgs,180,fs,3,0,0,detailed,79-24,0,0
O411,H,O,1906,3,55.53,4.25,,40F4,33,s & sh,180,s,4,1,0,,79-33,0,0
O412,H,O,1906,3,54.65,3.33,,38F3,40,fs,240,fs,3,0,0,,79-41,0,0
O413,H,O,1906,3,54.75,2.95,,38F2,27,fs,180,fs,3,0,0,,79-42,0,0
B511,H,B,1906,3,55.3,5.98,,39F5,46,fs,120,fs,3,0,0,,81-1,1,0
B512,H,B,1906,3,55.6,6.47,,40F6,40,fs,120,fs,3,0,0,,81-2,0,0
B515,H,B,1906,3,55.65,6.68,,40F6,44,fs,230,fs,3,0,0,,81-5,0,0
B520,H,B,1906,3,55.23,4.05,,39F4,37,fs,240,fs,3,0,0,,81-10,0,0
B521,H,B,1906,3,55.2,3.92,,39F3,35,s & sh,240,s,4,1,0,,81-11,0,0
O441,H,O,1907,2,54.93,1.1,,38F1,62,fs,240,fs,3,0,0,,87-1,0,0
O442,H,O,1907,2,55.03,0.77,,39F0,73,fs,360,fs,3,0,0,,87-2,0,0
O443,H,O,1907,2,55.1,1.53,,39F1,35,m,240,m,2,0,0,,87-3,0,0
O444,H,O,1907,2,54.93,1.38,,38F1,27,s,240,fs,3,0,0,,87-4,0,0
O446,H,O,1907,2,54.37,4.5,,37F4,48,sm,240,fs,3,0,0,,87-7,0,0
O447,H,O,1907,2,54.22,4.67,,37F4,42,m,360,m,2,0,0,,87-9,1,0
O448,H,O,1907,2,54.02,4.88,,37F4,38,m,360,m,2,0,0,,87-10,1,0
O449,H,O,1907,2,53.82,5.1,,36F5,33,m,360,m,2,0,0,,87-11,1,0
O450,H,O,1907,2,53.72,5.27,,36F5,27,s,240,s,4,0,0,,87-12,0,0
O451,H,O,1907,2,54.55,2.5,,38F2,20,s & sh,120,s,4,1,0,,87-13,0,0
O452,H,O,1907,2,54.55,2.5,,38F2,20,s & sh,120,s,4,1,0,,87-14,0,0
B561,H,B,1909,2,54.55,2.5,,39F8,20,s & sh,120,s,4,1,0,,87-15,0,0
B562,H,B,1909,2,54.55,2.5,,39F8,20,s & sh,60,s,4,1,0,,87-16,0,0
O453,H,O,1907,2,54.58,2.73,,38F2,26,s & sh,360,s,4,1,0,,87-17,0,0
O454,H,O,1907,2,54.62,2.8,,38F2,26,s & sh,360,s,4,1,0,,87-18,0,0
O455,H,O,1907,2,54.58,3.12,,38F3,33,s & sh,300,s,4,1,0,,87-19,0,0
O456,H,O,1907,2,54.53,3.25,,38F3,37,fs,300,fs,3,0,0,,87-20,0,0
O457,H,O,1907,2,54.38,3.05,,37F3,33,fs,360,fs,3,0,0,,87-21,0,0
O458,H,O,1907,2,54.57,1.82,,38F1,18,s,120,s,4,0,0,,87-22,0,0
B563,H,B,1907,2,54.57,1.82,,38F1,18,s,120,s,4,0,0,,87-23,0,0
B564,H,B,1907,2,54.57,1.82,,38F1,18,s,120,s,4,0,0,,87-24,0,0
O459,H,O,1907,2,54.57,1.82,,38F1,18,s,120,s,4,0,0,,87-25,0,0
O460,H,O,1907,2,54.73,2.05,,38F2,27,s,120,s,4,0,0,,88-1,0,0
O461,H,O,1907,2,55.37,2.18,,39F2,44,s,360,s,4,0,0,,88-2,0,0
O462,H,O,1907,2,54.1,0.55,,37F0,55,s,300,s,4,0,0,,88-3,0,0
O463,H,O,1907,2,54.08,0.58,,37F0,53,s & sh,300,s,4,1,0,,88-4,0,0
O464,H,O,1907,2,54.2,0.58,,37F0,57,s,300,s,4,0,0,,88-5,0,0
O465,H,O,1907,2,54.3,0.92,,37F0,51,s,300,s,4,0,0,,88-6,0,0
O466,H,O,1907,2,54.4,1.28,,37F1,44,s,300,s,4,0,0,,88-7,0,0
O467,H,O,1907,2,53.83,0.52,,36F0,37,gvl,180,gr,6,0,0,,88-8,0,0
O468,H,O,1907,2,53.77,0.62,,36F0,31,gvl,110,gr,6,0,0,,88-9,0,0
B565,H,B,1907,2,54.45,1.52,,37F1,42,s,360,s,4,0,0,,88-10,0,0
B566,H,B,1907,2,54.5,1.78,,37F1,18,s,240,s,4,0,0,,88-11,0,0
B567,H,B,1907,2,54.5,1.78,,37F1,18,s,240,s,4,0,0,,88-12,0,0
B568,H,B,1907,2,54.12,2.52,,37F2,60,fs,300,fs,3,0,0,,88-13,0,0
B569,H,B,1907,2,54.15,2.55,,37F2,59,m,300,m,2,0,0,,88-14,0,0
B570,H,B,1907,2,54.13,2.58,,37F2,59,fs,300,fs,3,0,0,,88-15,0,0
B571,H,B,1907,2,54.13,2.67,,37F2,55,m,90,m,2,0,0,,88-16,0,0
B584,H,B,1907,2,55.37,8.22,,39F8,15,sm,120,fs,3,0,0,,90-1,0,0
B585,H,B,1907,2,55.37,8.17,,39F8,15,m,120,m,2,0,0,,90-2,0,0
B586,H,B,1907,2,55.38,8.18,,39F8,15,m,60,m,2,0,0,,90-3,0,0
B587,H,B,1907,2,56.83,3.95,,42F3,55,s,240,s,4,0,0,detailed,90-6,0,0
B588,H,B,1907,2,56.92,2.85,,42F2,69,s,240,s,4,0,0,detailed,90-7,0,0
B589,H,B,1907,2,56.83,2.57,,42F2,73,s,240,s,4,0,0,detailed,90-8,0,0
B590,H,B,1907,2,56.73,1.58,,42F1,93,s,240,s,4,0,0,detailed,90-9,0,0
B591,H,B,1907,2,56.62,1.47,,42F1,91,s,240,s,4,0,0,detailed,90-10,0,0
B592,H,B,1907,2,56.48,1.35,,41F1,90,s,240,s,4,0,0,detailed,90-11,0,0
B593,H,B,1907,2,56.37,1.22,,41F1,86,fs / blk.spk,240,fs,3,0,0,detailed,90-12,0,0
B594,H,B,1907,2,55.67,0.27,,40F0,73,s,240,s,4,0,0,detailed,90-13,0,0
B595,H,B,1907,2,55.53,0.33,,40F0,71,s,240,s,4,0,0,detailed,90-14,0,0
B596,H,B,1907,2,55.4,0.28,,39F0,73,s,240,s,4,0,0,detailed,90-15,0,0
B598,H,B,1907,2,54.22,0.72,,37F0,53,s,180,s,4,0,0,detailed,90-17,0,0
O486,H,O,1907,2,53.72,5.43,,36F5,27,s,300,s,4,0,0,,92-5,0,0
O487,H,O,1907,2,54,6.77,,36F6,31,s,240,s,4,0,0,,92-10,0,0
O488,H,O,1907,2,54.97,7.67,,38F7,20,cs,120,cs,5,0,0,,92-15,0,0
O489,H,O,1907,2,56.93,7.43,,42F7,26,s,240,s,4,0,0,,92-16,0,0
B599,H,B,1907,2,54.93,7.4,,38F7,27,s,240,s,4,0,0,,92-18,0,0
B601,H,B,1907,3,55.28,8.02,,39F8,16,s,120,s,4,0,0,,92-20,0,0
B602,H,B,1907,3,55.25,7.73,,39F7,22,s,120,s,4,0,0,,92-21,0,0
O490,H,O,1907,3,55.25,7.73,,39F7,22,s,120,s,4,0,0,,92-22,0,0
O491,H,O,1907,3,55.2,7.43,,39F7,26,s,180,s,4,0,0,,92-24,0,0
B603,H,B,1907,3,55.2,7.43,,39F7,26,s,180,s,4,0,0,,92-25,0,0
B604,H,B,1907,3,54.85,6.63,,38F6,40,fs,120,fs,3,0,0,,92-28,0,0
B605,H,B,1907,3,54.9,6.48,,38F6,40,s,300,s,4,0,0,,92-30,0,0
B606,H,B,1907,3,54.78,6.5,,38F6,40,s,300,s,4,0,0,,92-31,0,0
B607,H,B,1907,3,54.03,6.88,,37F6,29,s,180,s,4,0,0,,92-34,0,0
B608,H,B,1907,3,53.95,6.92,,36F6,26,s,120,s,4,0,0,,92-35,0,0
B609,H,B,1907,3,53.78,7.1,,36F7,18,s,120,s,4,0,0,,92-36,0,0
B610,H,B,1907,3,53.83,7.05,,36F7,20,s,120,s,4,0,0,,92-37,0,0
B611,H,B,1907,3,53.83,7.05,,36F7,20,s,120,s,4,0,0,,92-38,0,0
O492,H,O,1907,3,53.83,7.05,,36F7,20,s,120,s,4,0,0,,92-39,0,0
O493,H,O,1907,3,53.83,7.05,,36F7,20,s,120,s,4,0,0,,92-40,0,0
O494,H,O,1907,3,54.38,7.78,,37F7,24,s,240,s,4,0,0,,92-42,0,0
B612,H,B,1907,3,54.35,7.78,,37F7,24,s,180,s,4,0,0,,92-43,0,0
B613,H,B,1907,3,54.75,7.55,,38F7,24,s,60,s,4,0,0,,92-45,0,0
B614,H,B,1907,3,54.75,7.55,,38F7,24,gvl,60,gr,6,0,0,,92-46,0,0
B615,H,B,1907,3,54.83,8,,38F7,16,s,60,s,4,0,0,,92-47,0,0
B616,H,B,1907,3,54.8,7.97,,38F7,16,s,120,s,4,0,0,,92-48,0,0
O495,H,O,1907,3,54.48,7.58,,37F7,27,fs,240,fs,3,0,0,,92-51,0,0
B617,H,B,1907,3,54.67,7.35,,38F7,27,s,120,s,4,0,0,,92-52,0,0
B618,H,B,1907,3,54.67,7.4,,38F7,27,s.st,120,sst,5.5,0,0,,92-53,0,0
B621,H,B,1907,3,55.97,3.37,,40F3,69,oz,120,m,1,0,0,detailed,96-1,0,0
B622,H,B,1907,3,55.73,3.5,,40F3,59,s,120,s,4,0,0,detailed,96-2,0,0
B623,H,B,1907,3,55.68,3.57,,40F3,51,s,120,s,4,0,0,detailed,96-3,0,0
B624,H,B,1907,3,55.7,3.63,,40F3,51,s,120,s,4,0,0,,96-4,0,0
B625,H,B,1907,3,55.73,3.73,,40F3,53,fs,180,fs,3,0,0,,96-5,0,0
B626,H,B,1907,3,55.72,3.75,,40F3,51,s,120,s,4,0,0,detailed,96-6,0,0
B627,H,B,1907,3,55.7,3.67,,40F3,51,s,120,s,4,0,0,detailed,96-7,0,0
B628,H,B,1907,3,55.7,3.55,,40F3,55,fs,120,fs,3,0,0,detailed,96-8,0,0
B629,H,B,1907,3,55.7,3.63,,40F3,51,fs,120,fs,3,0,0,detailed,96-9,0,0
B630,H,B,1907,3,55.68,3.63,,40F3,48,s,120,s,4,0,0,,96-10,0,0
B631,H,B,1907,3,55.63,3.53,,40F3,44,s,120,s,4,0,0,,96-11,0,0
B632,H,B,1907,3,54.63,3.93,,38F3,44,s,120,s,4,0,0,,96-12,1,0
B633,H,B,1907,3,54.57,3.9,,38F3,46,s,120,s,4,0,0,detailed,96-13,0,0
B634,H,B,1907,3,54.52,3.93,,38F3,46,s,120,s,4,0,0,,96-14,0,0
B635,H,B,1907,3,54.5,4.03,,37F4,46,s,120,s,4,0,0,detailed,96-15,1,0
B636,H,B,1907,3,54.55,4.08,,38F4,46,s,120,s,4,0,0,detailed,96-16,1,0
B637,H,B,1907,3,54.3,1.73,,37F1,44,s,120,s,4,0,0,detailed,96-17,0,0
B638,H,B,1907,3,54.27,1.7,,37F1,42,s,120,s,4,0,0,detailed,96-18,0,0
B639,H,B,1907,3,54.22,1.5,,37F1,40,s,120,s,4,0,0,detailed,96-19,0,0
B640,H,B,1907,3,54.2,1.62,,37F1,38,s,120,s,4,0,0,,96-20,0,0
B641,H,B,1907,3,54.3,1.32,,37F1,48,s,120,s,4,0,0,,96-21,0,0
B642,H,B,1907,3,54.3,1.2,,37F1,49,s,120,s,4,0,0,detailed,96-22,0,0
B643,H,B,1907,3,54.28,1.18,,37F1,48,s,120,s,4,0,0,detailed,96-23,0,0
B644,H,B,1907,3,54.25,1.28,,37F1,57,s,120,s,4,0,0,detailed,96-24,0,0
B645,H,B,1907,3,54.27,1.32,,37F1,51,s,120,s,4,0,0,,96-25,0,0
B646,H,B,1907,3,54.43,1.18,,37F1,49,s,120,s,4,0,0,,96-26,0,0
B647,H,B,1907,3,54.38,1.28,,37F1,53,s,120,s,4,0,0,,96-27,0,0
B648,H,B,1907,3,54.45,1.27,,37F1,53,s,120,s,4,0,0,,96-28,0,0
B649,H,B,1907,3,54.5,1.2,,37F1,59,s,120,s,4,0,0,,96-29,0,0
B650,H,B,1907,3,53.25,2.13,,35F2,40,s,120,s,4,0,0,,96-30,0,0
B681,H,B,1908,2,51.83,3.42,,32F3,29,f.spk.s,120,fs,3,0,0,,99-1,0,0
B682,H,B,1908,2,52.02,3.75,,33F3,26,s,60,s,4,0,0,,99-2,0,0
B683,H,B,1908,2,52.45,3.8,,33F3,26,s,90,s,4,0,0,,99-3,0,0
B684,H,B,1908,2,52.43,3.8,,33F3,27,s & sh,120,s,4,1,0,,99-4,0,0
B686,H,B,1908,2,52.58,4.17,,34F4,26,s,120,s,4,0,0,,99-6,0,0
B687,H,B,1908,2,52.63,4.08,,34F4,26,s,120,s,4,0,0,,99-7,0,0
B688,H,B,1908,2,52.67,3.98,,34F3,26,s,120,s,4,0,0,,99-8,0,0
B689,H,B,1908,2,53.3,4.75,,35F4,26,gvl,120,gr,6,0,0,,99-9,0,0
B690,H,B,1908,2,53.52,4.65,,36F4,26,s,120,s,4,0,0,,99-10,0,0
B691,H,B,1908,2,53.55,4.6,,36F4,26,s,180,s,4,0,0,,99-11,0,0
B692,H,B,1908,2,53.5,5.23,,35F5,22,s,120,s,4,0,0,,99-12,0,0
B693,H,B,1908,2,53.63,5.15,,36F5,29,s,120,s,4,0,0,,99-13,0,0
B694,H,B,1908,2,53.67,5.07,,36F5,31,s,120,s,4,0,0,,99-14,0,0
B695,H,B,1908,2,53.7,5.02,,36F5,33,s,120,s,4,0,0,,99-15,0,0
B696,H,B,1908,2,53.63,5.13,,36F5,31,s,120,s,4,0,0,,99-16,0,0
B697,H,B,1908,2,53.58,5.1,,36F5,29,s,120,s,4,0,0,,99-17,0,0
B698,H,B,1908,2,53.55,5.02,,36F5,27,s,90,s,4,0,0,,99-18,0,0
B699,H,B,1908,2,53.63,4.93,,36F4,31,s,120,s,4,0,0,,99-19,0,0
B700,H,B,1908,2,53.63,4.95,,36F4,31,s,90,s,4,0,0,,99-20,0,0
B701,H,B,1908,2,53.63,4.98,,36F4,31,s,90,s,4,0,0,,99-21,0,0
B702,H,B,1908,2,53.55,5.13,,36F5,24,s,120,s,4,0,0,,99-22,0,0
B703,H,B,1908,2,55.35,8.2,,39F8,13,m,120,m,2,0,0,,99-25,0,0
B704,H,B,1908,2,55.4,8.17,,39F8,13,m,120,m,2,0,0,,99-26,0,0
B705,H,B,1908,2,55.42,8.13,,39F8,13,m,60,m,2,0,0,,99-27,0,0
B706,H,B,1908,2,55.4,8.08,,39F8,15,s,60,s,4,0,0,,99-28,0,0
B707,H,B,1908,2,55.38,8.03,,39F8,16,s,60,s,4,0,0,,99-29,0,0
B708,H,B,1908,2,55.37,7.98,,39F7,16,s,60,s,4,0,0,,99-30,0,0
B709,H,B,1908,2,55.38,8.13,,39F8,16,s,60,s,4,0,0,,99-31,0,0
B710,H,B,1908,2,55.38,8.13,,39F8,16,s,60,s,4,0,0,,99-32,0,0
B711,H,B,1908,2,55.3,8.03,,39F8,16,s,60,s,4,0,0,,99-33,0,0
B712,H,B,1908,2,55.38,8.12,,39F8,16,s,60,s,4,0,0,,99-34,0,0
B713,H,B,1908,2,55.38,8.18,,39F8,16,s,60,s,4,0,0,,99-35,0,0
B714,H,B,1908,2,55.38,8.17,,39F8,16,m,60,m,2,0,0,,99-36,0,0
B715,H,B,1908,2,55.13,7.93,,39F7,18,s,60,s,4,0,0,,99-38,0,0
B717,H,B,1908,2,55.07,8.03,,39F8,16,s,240,s,4,0,0,,99-40,0,0
B718,H,B,1908,2,55.15,8.05,,39F8,16,s,60,s,4,0,0,,99-41,0,0
B719,H,B,1908,2,55.12,8.07,,39F8,16,s,120,s,4,0,0,,99-42,0,0
B720,H,B,1908,2,55.07,8.1,,39F8,16,sm,60,ms,3,0,0,,99-43,0,0
B794,H,B,1908,3,53.48,2.6,,35F2,29,s,180,s,4,0,0,,105-1,0,0
B795,H,B,1908,3,53,4.17,,34F4,29,s,180,s,4,0,0,,105-2,0,0
B796,H,B,1980,3,53,4.17,,34F4,29,s,180,s,4,0,0,,105-3,0,0
B797,H,B,1908,3,53,4.17,,34F4,29,s,180,s,4,0,0,,105-4,0,0
B798,H,B,1908,3,53,4.17,,34F4,29,s,180,s,4,0,0,,105-5,0,0
B799,H,B,1908,3,53,4.17,,34F4,29,s,120,s,4,0,0,,105-6,0,0
O560,H,O,1908,3,53,4.17,,34F4,29,s,180,s,4,0,0,,105-7,0,0
O561,H,O,1908,3,53,4.17,,34F4,29,s,180,s,4,0,0,,105-8,0,0
O562,H,O,1908,3,53,4.17,,34F4,29,s,180,s,4,0,0,,105-9,0,0
O563,H,O,1908,3,53.07,4.12,,35F4,29,s,120,s,4,0,0,,105-16,0,0
B800,H,B,1908,3,53.07,4.12,,35F4,29,s,120,s,4,0,0,,105-17,0,0
B801,H,B,1908,3,52.93,4.18,,34F4,33,s,120,s,4,0,0,,105-20,0,0
O564,H,O,1908,3,52.93,4.18,,34F4,33,s,120,s,4,0,0,,105-21,0,0
B802,H,B,1909,1,51.5,2.48,,31F2,37,cs,120,fs,5,0,0,,106-1,0,0
B803,H,B,1909,1,51.63,2.52,,32F2,31,gs,120,fs,5,0,0,,106-3,0,0
B804,H,B,1909,1,51.22,1.83,,31F1,40,s.st,180,sst,5.5,0,0,,106-5,0,0
B805,H,B,1909,1,51.65,2.52,,32F2,37,s,180,s,4,0,0,,106-7,0,0
B806,H,B,1909,1,51.63,2.52,,32F2,37,s & sh,180,s,4,1,0,,106-8,0,0
B809,H,B,1909,1,51.93,2.97,,32F2,33,cs,180,fs,5,0,0,,106-11,0,0
B810,H,B,1909,1,52.33,3.33,,33F3,31,s & sh,180,s,4,1,0,,106-13,0,0
B811,H,B,1909,1,52.32,3.18,,33F3,37,s & sh,120,s,4,1,0,,106-14,0,0
B813,H,B,1909,1,53.03,1.45,,35F1,27,s & sh & st,180,sst,5.5,1,0,,106-16,0,0
B814,H,B,1909,1,52.75,2.22,,34F2,44,spk.s,180,s,4,0,0,,106-17,0,0
B815,H,B,1909,1,52.87,2.28,,34F2,49,s & ross,180,s,4,0,1,,106-18,0,0
B816,H,B,1909,1,52.85,2.33,,34F2,48,s,180,s,4,0,0,,106-19,0,0
B817,H,B,1909,1,52.82,2.22,,34F2,49,s & ross,180,s,4,0,1,,106-20,0,0
B818,H,B,1909,1,52.72,2.15,,34F2,38,s,180,s,4,0,0,,106-21,0,0
B821,H,B,1909,1,52.18,1.82,,33F1,27,s,180,s,4,0,0,,106-25,0,0
B822,H,B,1909,1,52.15,2.17,,33F2,44,s,180,s,4,0,0,,106-27,0,0
B823,H,B,1909,1,52.27,2.22,,33F2,51,s,180,s,4,0,0,,106-28,0,0
B824,H,B,1909,1,52.75,3.37,,34F3,33,s,180,s,4,0,0,,106-30,0,0
B830,H,B,1909,1,53.28,2.77,,35F2,31,s,180,s,4,0,0,,106-39,0,0
B831,H,B,1909,1,53.18,2.73,,35F2,29,s,180,s,4,0,0,,106-40,0,0
B832,H,B,1909,1,52.52,3.38,,34F3,31,s,180,s,4,0,0,,106-41,0,0
B833,H,B,1909,1,52.5,3.33,,33F3,31,s,180,s,4,0,0,,106-44,0,0
B834,H,B,1909,1,52.63,3.02,,34F3,29,s,180,s,4,0,0,,106-45,0,0
B835,H,B,1909,1,52.72,2.87,,34F2,31,s,180,s,4,0,0,,106-46,0,0
B836,H,B,1909,1,52.75,2.2,,34F2,42,br.s,180,s,4,0,0,,106-47,0,0
B837,H,B,1909,1,52.87,2.18,,34F2,44,s & st,180,sst,5.5,0,0,,106-49,0,0
B838,H,B,1909,1,53.18,1.78,,35F1,31,s,180,s,4,0,0,,106-50,0,0
B839,H,B,1909,1,53.17,1.75,,35F1,31,s,180,s,4,0,0,,106-51,0,0
B840,H,B,1909,1,53.17,1.7,,35F1,33,s,180,s,4,0,0,,106-52,0,0
B870,H,B,1909,2,54.03,-0.15,,3.70E+10,11,ds,90,s,4,0,0,,108-1,0,0
B871,H,B,1909,2,54.03,-0.13,,3.70E+10,9,ds,90,s,4,0,0,,108-2,0,0
B873,H,B,1909,2,54.03,-0.15,,3.70E+10,11,ds,90,s,4,0,0,,108-4,0,0
B874,H,B,1909,2,54.05,-0.15,,3.70E+10,13,ds,90,s,4,0,0,,108-5,0,0
B875,H,B,1909,2,54.02,-0.13,,3.70E+10,13,s,90,s,4,0,0,,108-6,0,0
B876,H,B,1909,2,54.02,-0.13,,3.70E+10,11,s,90,s,4,0,0,,108-7,0,0
B877,H,B,1909,2,54.52,1.77,,38F1,16,s,120,s,4,0,0,,108-9,0,0
B878,H,B,1909,2,54.53,1.88,,38F1,18,s,120,s,4,0,0,,108-10,0,0
B879,H,B,1909,2,52.82,3.92,,34F3,27,fs,120,fs,3,0,0,,108-11,0,0
B880,H,B,1909,2,52.85,3.85,,34F3,27,fs,120,fs,3,0,0,,108-12,0,0
B881,H,B,1909,2,52.82,3.75,,34F3,27,s,120,s,4,0,0,,108-13,0,0
B882,H,B,1909,2,52.77,3.67,,34F3,27,s,120,s,4,0,0,,108-14,0,0
B883,H,B,1909,2,52.73,3.58,,34F3,27,s,120,s,4,0,0,,108-15,0,0
B888,H,B,1909,2,52.22,1.68,,33F1,20,m,150,m,2,0,0,,110-7,0,0
B889,H,B,1909,2,52.77,3.75,,34F3,24,s,360,s,4,0,0,,110-15,0,0
B890,H,B,1909,2,52.77,4.05,,34F4,24,s,360,s,4,0,0,,110-17,0,0
O565,H,O,1908,3,52.93,4.18,,34F4,33,s,120,s,4,0,0,,110-19,0,0
O566,H,O,1909,2,52.67,3.77,,34F3,27,s,240,s,4,0,0,,110-20,0,0
O567,H,O,1909,2,52.67,3.73,,34F3,27,s,240,s,4,0,0,,110-21,0,0
O568,H,O,1909,3,52.53,4.4,,34F4,16,s & sh,240,s,4,1,0,,110-22,0,0
O569,H,O,1909,3,52.33,3.9,,33F3,24,s & sh,240,s,4,1,0,,110-23,0,0
B892,H,B,1909,3,54.3,4.18,,37F4,48,m,300,m,2,0,0,,111-6,0,0
B893,H,B,1909,3,54.32,3.97,,37F3,48,m.s,240,ms,3,0,0,,111-7,1,0
B894,H,B,1909,3,54.32,3.97,,37F3,46,m,240,m,2,0,0,,111-8,0,0
B895,H,B,1909,3,54.28,4.17,,37F4,49,m,240,m,2,0,0,,111-9,1,0
B896,H,B,1909,3,54.33,4.35,,37F4,49,m,180,m,2,0,0,,111-10,1,0
B897,H,B,1909,3,54.8,4.12,,38F4,49,fgs,240,fs,3,0,0,,111-13,1,0
B898,H,B,1909,3,54.78,4.1,,38F4,48,s,240,s,4,0,0,,111-14,1,0
B899,H,B,1909,3,54.68,4.27,,38F4,49,s,240,s,4,0,0,,111-15,1,0
B900,H,B,1909,3,54.65,4.4,,38F4,49,s,240,s,4,0,0,,111-16,1,0
B901,H,B,1909,3,54.65,4.27,,38F4,49,s,240,s,4,0,0,,111-17,1,0
B902,H,B,1909,3,54.68,4.13,,38F4,48,s,240,s,4,0,0,,111-18,1,0
B903,H,B,1909,3,54.82,4.18,,38F4,48,s,240,s,4,0,0,,111-19,1,0
B904,H,B,1909,3,54.88,4.85,,38F4,40,gs,240,fs,5,0,0,,111-20,1,0
B905,H,B,1909,3,54.77,4.85,,38F4,44,gs,240,fs,5,0,0,,111-21,1,0
B906,H,B,1909,3,55.27,4.78,,39F4,46,s,240,s,4,0,0,,111-22,1,0
B907,H,B,1909,3,55.27,4.83,,39F4,46,s,240,s,4,0,0,,111-23,0,0
B908,H,B,1909,3,55.15,4.82,,39F4,42,s,240,s,4,0,0,,111-24,0,0
1902-1,W,O,1902,,52.65,4.54,Egmond bij,34F4,16,s,120,,,,,,,0,0
1902-2,W,O,1902,,52.28,4.2,Scheveningen bij,33F4,20,s,120,,,,,,,0,0
1902-3,W,O,1902,,53.52,4.92,Terschellingerbank,36F4,22,s,120,,,,,,,0,0
1902-4,W,O,1902,,53.73,5.59,Vlakte van Ameland,36F5,28,s,120,,,,,,,0,0
1902-5,W,O,1902,,53.53,4.5,ls Haaks bij,36F4,29,sst,120,,,,,,,0,0
1902-6,W,O,1902,,52.65,4.53,Bruine Bank,34F4,27,s,120,,,,,,,0,0
1902-8,W,O,1902,,52.1,3.77,ls Haaks bij,33F3,23,s,120,,,,,,,0,0
1902-9,W,O,1902,,52.38,1.92,Lowestoft bij,33F1,31,s,120,,,,,,,0,0
1903-9,W,O,1903,,53.43,4.88,Terschellingerbank,35F4,30,s,120,,,,,,,0,0
1903-11,W,O,1903,,54.33,3.92,Oestergrond,37F3,48,ms,120,,,,,,,1,0
1903-18,W,O,1903,,52.73,2.58,Diepwaterkanaal,34F2,50,s,120,,,,,,,0,0
1903-20,W,O,1903,,52.22,2.87,DiepwaterkanaalxO,33F2,36,s,120,,,,,,,0,0
1903-31,W,O,1903,,54.74,3.26,Doggersbank,38F3,28,s,120,,,,,,,0,0
1903-33,W,O,1903,,54.43,2.88,Doggersbank,37F2,33,s,120,,,,,,,0,0
1903-34,W,O,1903,,54.58,1.08,Doggersbank Wrand,38F1,35,s,120,,,,,,,0,0
1903-36,W,O,1903,,54.13,1.98,Groot Zilverdiep,37F1,40,sst,120,,,,,,,0,0
1903-37,W,O,1903,,54.39,2.97,Doggersbank,37F2,36,s,120,,,,,,,0,0
1903-41,W,O,1903,,52.6,3.22,Bruine Bank,34F3,35,s,120,,,,,,,0,0
1903-43,W,O,1903,,52.83,3.22,Bruine Bank,34F3,33,s,120,,,,,,,0,0
1903-44,W,O,1903,,52.77,3.55,Bruine Bank NErand,34F3,33,s,120,,,,,,,0,0
1903-45,W,O,1903,,52.9,4.05,Breeveertien,34F4,30,s,120,,,,,,,0,0
1903-47,W,O,1903,,53.47,4.8,Terschellingerbank,35F4,26,s,120,,,,,,,0,0
1903-48,W,O,1903,,53.63,5.57,Amelander vlakte,36F5,25,s,120,,,,,,,0,0
1903-49,W,O,1903,,54,6.25,Borkummer rif,36F6,29,r,120,,,,,,,0,0
1903-52,W,O,1903,,55.18,7.88,Hornsrif Z van,39F7,20,ms,120,,,,,,,0,0
1903-56,W,O,1903,,55.78,4.62,Doggersbank Orand,40F4,41,s,120,,,,,,,0,0
1903-57,W,O,1903,,55.58,3.47,Doggersbank Nrand,40F3,46,s,120,,,,,,,0,0
1903-62,W,O,1903,,54.72,1.45,Doggersbank ZWvlakte,38F1,35,s,120,,,,,,,0,0
1903-63,W,O,1903,,54.15,1.75,Doggersbank Zwrand,37F1,35,s,120,,,,,,,0,0
1903-64,W,O,1903,,53.38,2.55,Leman Grond,35F2,35,s,120,,,,,,,0,0
1903-65,W,O,1903,,53.38,2.55,Leman Grond,35F2,35,s,120,,,,,,,0,0
1903-66,W,O,1903,,52.88,3.68,Bruine Bank N van,34F3,30,s,120,,,,,,,0,0
1903-67,W,O,1903,,52.88,3.68,Bruine Bank N van,34F3,30,s,120,,,,,,,0,0
1903-70,W,O,1903,,52.67,4,Breeveertien,34F3,26,s,120,,,,,,,0,0
1903-71,W,O,1903,,52.7,3.62,Bruine Bank,34F3,27,s,120,,,,,,,0,0
1903-72,W,O,1903,,53.05,4.28,ls Haaks bij,35F4,31,s,120,,,,,,,0,0
1903-73,W,O,1903,,53.13,3.88,Haaksgronden,35F3,27,s,120,,,,,,,0,0
1903-74,W,O,1903,,53.25,3.5,Witte Water,35F3,28,s,120,,,,,,,0,0
1903-75,W,O,1903,,53.38,4.93,Stortemelk bij uiterton,35F4,20,s,90,,,,,,,0,0
1903-76,W,O,1903,,53.45,4.63,ls Terschellingerbank bij,35F4,28,s,120,,,,,,,0,0
1904-13,W,O,1904,,53.62,3.45,Amelander vlakte,36F3,30,s,120,,,,,,,0,0
1904-14,W,O,1904,,53.38,4.93,bij Vlieland,35F4,16,s,120,,,,,,,0,0
1904-15,W,O,1904,,53.45,4.63,ls Terschellingerbank bij,35F4,34,s,120,,,,,,,0,0
1904-16,W,O,1904,,53.53,4.43,Terschellinger vlakte,36F4,30,s,120,,,,,,,1,0
1904-17,W,O,1904,,53.25,3.5,Witte water,35F3,30,s,120,,,,,,,0,0
1904-19,W,O,1904,,53.25,3.5,ls Haaks bij,35F3,25,s,120,,,,,,,0,0
1904-20,W,O,1904,,52.35,2.97,Diepwaterkanaal Orand,33F2,44,s,120,,,,,,,0,0
1904-22,W,O,1904,,52.37,2.35,Diepwaterkanaal Wrand,33F2,50,s,120,,,,,,,0,0
1904-24,W,O,1904,,51.3,1.93,ls Sandiette bij,31F1,40,st,120,,,,,,,0,0
1904-32,W,Oc,1904,,53.05,4.28,Haaksgronden,35F4,35,s,120,,,,,,,0,0
1904-34,W,Oc,1904,,53.45,4.63,Stortemelk voor ingang,35F4,27,s,60,,,,,,,0,0
1904-36,W,Oc,1904,,53.62,5.45,Amelander vlakte,36F5,25,s,120,,,,,,,0,0
1904-41,W,O,1904,,53.53,4.43,Terschelingerbank,36F4,30,s,120,,,,,,,0,0
1904-43,W,O,1904,,52.47,4.47,Egmond voor,33F4,20,s,120,,,,,,,0,0
1904-44,W,O,1904,,52.67,4,Breeveertien,34F3,28,s,120,,,,,,,0,0
1904-51,W,O,1904,,53.13,3.88,Texelgrond,35F3,28,s,120,,,,,,,0,0
1904-52,W,O,1904,,53.13,3.88,Texelgrond,35F3,28,s,120,,,,,,,0,0
1904-53,W,O,1904,,52.47,4.47,Egmond dwars van,33F4,18,s,70,,,,,,,0,0
1904-54,W,O,1904,,52.7,2.5,Egmond N van,34F2,18,s,70,,,,,,,0,0
1904-57,W,Oc,1904,,53.05,4.3,ls Haaks bij,35F4,30,s,120,,,,,,,0,0
1904-58,W,Oc,1904,,53.32,4.83,Vlieland,35F4,20,s,60,,,,,,,0,0
1904-64,W,Oc,1904,,53.65,5.42,Amelander vlakte,36F5,22,s,60,,,,,,,0,0
1904-66,W,Oc,1904,,52.67,4.48,Egmond dwars van,34F4,19,s,60,,,,,,,0,0
1904-72,W,Oc,1904,,52.67,4.02,Breeveertien,34F4,28,s,120,,,,,,,0,0
1904-74,W,O,1904,,52.55,1.97,Lowestoft Grond,34F1,27,h,120,,,,,,,0,0
1904-82,W,Oc,1904,,52.67,4,Breeveertien,34F3,27,s,120,,,,,,,0,0
1904-83,W,Oc,1904,,52.72,3.62,Bruine Bank,34F3,30,s,60,,,,,,,0,0
1904-84,W,Oc,1904,,53.32,3.52,Witte Water,35F3,32,s,120,,,,,,,1,0
1905-1,W,Oc,1905,,52.63,4.47,Egmond bij,34F4,20,s,60,,,,,,,0,0
1905-2,W,O,1905,,51.77,3.47,Schouwenbank bij,32F3,30,mv,120,,,,,,,0,0
1905-3,W,O,1905,,51.6,3.03,Thorntonbank bij,32F3,23,s,120,,,,,,,0,0
1905-4,W,O,1905,,51.38,2.38,Westhinder bij,31F2,38,s,60,,,,,,,0,0
1905-5,W,O,1905,,51.6,2.63,Noordhinder bij,32F2,35,s,60,,,,,,,0,0
1905-7,W,O,1905,,51.7,1.83,ls Galloper W van,32F1,37,x,90,,,,,,,1,0
1905-22,W,O,1905,,52.8,3.37,Bruine Bank,34F3,33,s,120,,,,,,,0,0
1905-28,W,O,1905,,52.47,3.75,Texelgrond,33F3,32,s,120,,,,,,,0,0
1905-31,W,O,1905,,54.07,2.77,Groot Zilverdiep,37F2,47,x,120,,,,,,,0,0
1905-33,W,O,1905,,55,3.88,Modderkanaal,38F3,50,c,120,,,,,,,0,0
1905-34,W,O,1905,,54.73,4.48,Oestergrond,38F4,50,x,120,,,,,,,1,0
1905-37,W,O,1905,,54.27,5.25,Borkummer rif Wrand,37F5,42,r,120,,,,,,,1,0
1905-39,W,O,1905,,53.9,5.9,Borkummer rif,36F5,49,ms,120,,,,,,,0,0
1905-41,W,O,1905,,53.52,5,ls Terschelling NO van,36F4,32,s,120,,,,,,,0,0
1905-42,W,O,1905,,53.72,4.63,ls Terschelling N van,36F4,34,s,120,,,,,,,1,0
1905-44,W,O,1905,,53,4.2,ls Haaks bij,34F4,30,s,120,,,,,,,0,0
1905-46,W,O,1905,,53.58,5.27,Terschellinger vlakte,36F5,27,x,120,,,,,,,0,0
1905-47,W,O,1905,,53.83,4.88,Terschellinger vlakte,36F4,40,x,120,,,,,,,1,0
1905-49,W,O,1905,,54.22,4.2,Oestergrond,37F4,50,x,120,,,,,,,1,0
1905-50,W,O,1905,,54.8,5.1,Barrendiep,38F5,42,x,120,,,,,,,1,0
1905-51,W,O,1905,,54.33,5.62,Oestergrond,37F5,45,x,120,,,,,,,1,0
1905-64,W,O,1905,,52.83,3.33,Bruine Bank Nzijde,34F3,30,x,120,,,,,,,0,0
1905-65,W,O,1905,,52.83,3.33,Bruine Bank Nzijde,34F3,30,x,120,,,,,,,0,0
1905-66,W,O,1905,,52.75,4,Breeveertien,34F3,28,x,120,,,,,,,0,0
1905-67,W,O,1905,,52.75,4,x,34F3,28,x,120,,,,,,,0,0
1905-72,W,O,1905,,54.88,2.37,Doggersbank,38F2,28,x,120,,,,,,,0,0
1905-73,W,O,1905,,54.88,2.37,Doggersbank,38F2,29,x,60,,,,,,,0,0
1905-87,W,O,1905,,52.9,2.6,Winterton twenties,34F2,37,x,60,,,,,,,0,1
1906-8,W,O,1906,,51.68,2.37,Diepwaterkanaal Zorand,32F2,36,x,60,,,,,,,0,0
1906-19,W,O,1906,,52.63,3.55,Bruine Bank,34F3,32,x,240,,,,,,,0,0
1906-32,W,O,1906,,52.65,3.47,Bruine Bank,34F3,35,x,150,,,,,,,0,0
1906-38,W,Os,1906,,52.97,4.25,ls Haaks bij,34F4,30,x,30,,,,,,,0,0
1906-39,W,Os,1906,,53.45,4.8,ls Terschellingerbank bij,35F4,25,x,30,,,,,,,0,0
1906-40,W,Os,1906,,54.33,4.27,Oestergrond,37F4,50,x,30,,,,,,,1,0
1906-41,W,Os,1906,,56.75,3.83,Grote Vissersbank,42F3,55,s,30,,,,,,,0,0
1906-43,W,Os,1906,,56.43,0,Cemetary,4.10E+10,72,ssh,30,,,,,,,0,0
1906-44,W,O,1906,,56.87,1.22,Aberdeen dwars van,42F1,67,ssh,60,,,,,,,0,0
1906-50,W,O,1906,,54.3,1.83,Doggersbank,37F1,33,ssh,120,,,,,,,0,0
1906-52,W,Os,1906,,52.48,2.45,Diepwaterkanaal Z van H8,33F2,47,ssh,30,,,,,,,0,0
1906-53,W,Os,1906,,52.63,3.3,Bruine Bank Wzijde,34F3,37,x,30,,,,,,,0,0
1906-56,W,Os,1906,,53.65,4.43,Egmond bij st H10 voor,36F4,23,  x,60,,,,,,,0,0
1906-57,W,Os,1906,,52.92,4.3,ls Haaks bij,34F4,27,x,120,,,,,,,0,0
1906-58,W,Os,1906,,53.23,4.25,Station H1,35F4,30,s,30,,,,,,,0,0
1906-59,W,Os,1906,,53.73,3.47,Station H2,36F3,42,x,30,,,,,,,0,1
1906-60,W,Os,1906,,54.08,2.95,Station H3,37F2,68,c,30,,,,,,,0,0
1906-61,W,Os,1906,,54.47,2.27,Doggersbank Station H4,37F2,16,x,30,,,,,,,0,0
1906-63,W,Os,1906,,55.17,0.33,Station H4b,39F0,65,x,30,,,,,,,0,0
1906-64,W,Os,1906,,54.42,0.67,Station H4c,37F0,45,x,30,,,,,,,0,0
1906-68,W,Os,1906,,53.67,2.47,Station H8,36F2,50,x,75,,,,,,,0,1
1906-69,W,Os,1906,,52.5,3,Station 8a,33F2,34,x,30,,,,,,,0,0
1906-70,W,Os,1906,,52.25,3.47,Station 9,33F3,29,x,30,,,,,,,0,0
1906-71,W,Os,1906,,52.25,3.47,Station 9,33F3,28,x,60,,,,,,,0,0
1906-72,W,Os,1906,,52.5,3,Station 8a,33F2,42,x,30,,,,,,,0,1
1907-2,W,Os,1907,,53.23,4.25,Station H1,35F4,27,x,60,,,,,,,0,0
1907-3,W,Os,1907,,53.73,3.47,Station H2,36F3,39,x ,30,,,,,,,1,0
1907-4,W,Os,1907,,54.08,2.95,Station H3,37F2,40,x,30,,,,,,,0,0
1907-13,W,Os,1907,,52.5,3,Station H 8a,33F2,37,x,30,,,,,,,0,0
1907-19,W,O,1907,,53.25,4.58,Haaksgronden,35F4,23,x,60,,,,,,,0,1
1907-20,W,O,1907,,53.45,4.72,ls Terschellingerbank bij,35F4,25,x ,240,,,,,,,0,0
1907-21,W,O,1907,,53.08,4.12,ls Haaks N van,35F4,29,x ,180,,,,,,,0,0
1907-22,W,O,1907,,52.73,4,Egmond dwars van,34F3,23,x,180,,,,,,,0,0
1907-35,W,O,1907,,52.12,3.92,Breeveertien hoogte van Scheveningen,33F3,21,ms,120,,,,,,,0,0
1907-46,W,O,1907,,53.62,5.45,Station H 19,36F5,29,x ,120,,,,,,,1,0
1907-47,W,O,1907,,53.53,4.43,Station H 19 Terschellingerbank,36F4,35,c,120,,,,,,,1,0
1907-48,W,O,1907,,53.05,4.28,Station 13 Haaksgronden,35F4,28,x ,120,,,,,,,0,0
1907-49,W,O,1907,,52.7,3.62,Station 12 Bruine Bank,34F3,29,x ,120,,,,,,,0,0
1907-51,W,O,1907,,52.15,3.95,Maasgronden,33F3,22,x ,120,,,,,,,0,0
1907-79,W,O,1907,,54.42,1.77,Doggersbank Wzijde,37F1,21,x ,60,,,,,,,0,0
1907-80,W,O,1907,,54.35,1.63,Doggersbank Wzijde,37F1,45,x ,120,,,,,,,0,0
1907-83,W,Os,1907,,54.6,1.13,Doggersbankbocht ingang,38F1,58,x ,120,,,,,,,0,0
1907-85,W,Os,1907,,52.8,4.48,Callantsoog dwars van,34F4,25,x ,60,,,,,,,0,0
1907-86,W,Os,1907,,52.07,2.68,Diepwaterkanaal middelgrond van,33F2,45,x ,60,,,,,,,0,0
1907-87,W,Os,1907,,52.6,2.75,Diepwaterkanaal Orand Ngedeelte,34F2,45,x ,60,,,,,,,0,1
1907-88,W,Os,1907,,52.72,3.5,Bruine Bank,34F3,31,x ,60,,,,,,,0,0
1907-89,W,Os,1907,,53,4.2,ls Haaks 6 mijn NW,34F4,28,s,120,,,,,,,0,0
1907-113,W,O,1907,,52.92,4.28,ls Haaks bij,34F4,27,x ,120,,,,,,,0,0
1907-114,W,O,1907,,54.55,0.9,Doggersbank W van,38F0,60,x ,120,,,,,,,0,0
1907-115,W,O,1907,,55.41,2.17,Doggersbank,39F2,45,x ,120,,,,,,,0,0
1907-116,W,O,1907,,54.38,2.56,Doggersbank,37F2,0,x ,120,,,,,,,0,0
1907-117,W,O,1907,,52.5,3,Station H 8a,33F2,40,x ,120,,,,,,,0,0
1907-142,W,O,1907,,53.5,3.72,Bruine Bank O zijde,35F3,28,x ,180,,,,,,,0,0
1907-143,W,O,1907,,53.02,4.23,Station H13 ls Haaks ong 3 N.t.W.,35F4,32,s,120,,,,,,,0,0
1907-147,W,O,1907,,54.37,4.67,Doggersbank,37F4,24,x,180,,,,,,,0,0
1907-148,W,O,1907,,53.13,3.88,Station H14,35F3,27,x,120,,,,,,,0,0
1908-4,W,O,1908,,53.23,4.58,x,35F4,27,ssh,120,,,,,,,0,0
1908-15,W,O,1908,,53.92,6.92,x,36F6,27,x,120,,,,,,,0,0
1908-17,W,O,1908,,53.05,4.18,x,35F4,27,s,120,,,,,,,0,0
1908-19,W,O,1908,,52.5,3,x,33F2,30,x,120,,,,,,,0,0
1908-35,W,O,1908,,51.8,3.58,x,32F3,20,x ,120,,,,,,,0,0
1908-38,W,O,1908,,52.53,4,x,34F3,21,x,120,,,,,,,0,0
1908-41,W,Os,1908,,52.5,3.37,x,33F3,30,x,180,,,,,,,0,0
1908-97,W,O,1908,,54.72,1.55,Doggersbank,38F1,25,x,120,,,,,,,0,0
1908-98,W,O,1908,,54.83,1.43,Doggersbank,38F1,43,x,60,,,,,,,0,0
1908-107,W,O,1908,,60.18,2.5,x,49F2,100,ssh,60,,,,,,,0,0
1908-112,W,O,1908,,57.6,2.17,x,44F2,86,x ,60,,,,,,,0,0
1908-117,W,O,1908,,52.05,4.18,x,33F4,28,s,120,,,,,,,0,0
1908-118,W,Os,1908,,52.62,3.38,x,34F3,36,x,60,,,,,,,0,0
1908-147,W,Os,1908,,53.03,4.27,x,35F4,28,s,60,,,,,,,0,0
1908-148,W,Os,1908,,53.43,4.82,x,35F4,27,x,120,,,,,,,0,0
1909-4,W,O,1909,,51.55,2.25,Z Diepwaterkanaal,32F2,37,x,180,,,,,,,0,0
1909-9,W,O,1909,,52.33,3.37,x,33F3,29,sv,495,,,,,,,0,0
1909-17,W,O,1909,,54.08,4.6,x,37F4,43,x,180,,,,,,,1,0
1909-23,W,O,1909,,53,4.23,x,34F4,32,x,195,,,,,,,0,0
1909-39,W,O,1909,,50.81,0.8,DW van Hastings,30F0,38,x,180,,,,,,,0,0
1909-43,W,O,1909,,50.55,1.32,bij Boulogne,30F1,35,x ,120,,,,,,,0,0
1909-49,W,O,1909,,52,2.93,x,32F2,35,x,195,,,,,,,0,0
1909-58,W,O,1909,,52.7,3.62,x,34F3,35,x ,120,,,,,,,0,0
1909-60,W,O,1909,,52.63,4.47,x,34F4,18,x,120,,,,,,,0,0
1909-61,W,O,1909,,53.25,3.5,Station H15,35F3,30,x,120,,,,,,,1,0
1909-62,W,O,1909,,53.13,3.88,Station H14,35F3,28,x,120,,,,,,,0,0
1909-64,W,O,1909,,53.45,4.8,Station H17,35F4,34,x,120,,,,,,,0,0
1909-66,W,O,1909,,54.57,6.25,x,38F6,40,s,160,,,,,,,1,0
1909-68,W,O,1909,,55.52,3.83,Doggersbank,40F3,30,s,120,,,,,,,0,0
1909-79,W,O,1909,,54.23,1.87,x,37F1,37,x ,75,,,,,,,0,0
1909-91,W,O,1909,,54.7,1.88,Doggersbank N van Patcg,38F1,25,s,120,,,,,,,0,0
1909-96,W,O,1909,,56.65,5.22,x,42F5,62,x,120,,,,,,,0,0
1910-5,W,O,1910,,51.85,2.32,x,32F2,58,x,120,,,,,,,0,0
1910-25,W,O,1910,,52.28,2.85,x,33F2,38,x,120,,,,,,,0,0
1910-32,W,O,1910,,52.17,2.23,x,33F2,52,x,180,,,,,,,0,0
1910-36,W,O,1910,,54,1,x,36F0,48,x,60,,,,,,,0,0
1910-69,W,O,1910,,53.8,4.52,Oestergrond,36F4,40,x,120,,,,,,,1,0
1910-70,W,O,1910,,54.78,4.47,Modderkanaal,38F4,48,x,120,,,,,,,1,0
1910-71,W,O,1910,,56.08,4.42,x,41F4,70,x ,60,,,,,,,0,0
1910-72,W,O,1910,,54.58,2.12,Doggersbank ZW vlakte van,38F2,23,x,120,,,,,,,0,0
1910-75,W,O,1910,,53.13,3.88,x,35F3,27,x ,60,,,,,,,0,0
1910-77,W,O,1910,,52.7,3.62,x,34F3,29,x,120,,,,,,,0,0
1910-78,W,O,1910,,52.67,4,x,34F3,26,v,60,,,,,,,0,0
1910-119,W,O,1910,,55.58,3.1,Doggersbank Nrand,40F3,50,x,120,,,,,,,0,0
1911-32,W,O,1911,,54.04,0.73,x,37F0,54,x,150,,,,,,,0,0
1911-165,W,O,1911,,54.4,1.42,x,37F1,50,x,495,,,,,,,0,0
1911-167,W,O,1911,,52.8,4.3,Bij Haaks LS,34F4,27,x,80,,,,,,,0,0
